irliewijanarko,"setiap ngeliat ikoy2an gini , bawaannya mau iseng ikutan.. tp pas pertanyaannya kyk gini, jadi makin sadar kalo kadang suka lupa bersyukur atas apa yang dipunya.. nitip doa aja buat kita semua agar makin dikuatkan melewati masalah masing2, dan dimudahkan rejeki nya! aamiin !"
agnezputrii,"butuh 1 jt bang,teteh eca buat beli mixer ma loyang untuk jualan kue ,bismillah rezeki ..amin"
march_3li4,"pengen beli make up set buat belajar ngevlog jd beauty blogger,,tapi telat komennya,,kyknya gagal dpet deh niiiğŸ˜¢"
sofia.marzuki,"kalau saya emang benar-benar lagi butuh min selain buat pulang kampung ketemu emak, anak saya juga butuh pengobatan yang harus di terapi, tiap minggu ke rumah sakit tapi belum ada perubahan, pngen rasanya berobat ke jakarta tapi belum punya uang karna saya juga belum dapat kerja selama satu tahun ini jadi untuk makan pun saya dikasih kakak.. jujur nulis ini sambil nangis semoga dapat rezeki buat emak saya dan anak saya minta @ikoy2an @ariefmuhammad @ecamaresha ğŸ˜­ğŸ˜­ bantu doa guys semoga dapat rezeki buat nafil @sherli5006 @els_shop13 @veranitawahyuwidodo @maulinda_mau"
retnoheny,"curhat dikit ya, mimin. di dekat tempat kerjaku ada pangkalan becak yang kebanyakan dari mereka sudah sepuh. mereka ini mangkalnya dari pagi sampai malam, bahkan ada yang sampai dini hari. kalau dapat rezeki dari @ikoy2an buat dibeliin sembako untuk bantu mereka sama janda dan anak yatim di dekat rumah. sebelumnya pernah ngadain charity serupa. kami berkolaborasi dengan anak muda disini dan sanggar tari untuk bagi-bagi sembako. waktu itu kami bagi-bagi beras ke rumah warga prasejahtera dan panti asuhan. semoga kalau kali ini kebetulan mimin baca dan memang rezeki kami bisa terjun lagi untuk berbagi ke mereka yang betul-betul perlu dibantu. mimin juga boleh kasih masukkan loh mau dibagiin kemana rezekinya. in sya allah siap dokumentasi dan update rutin pemberian charitynya. salam â¤ï¸"
rachmajoss,"belum pernah, dan pengen ngerasain dapat transferan dari kamu min @ikoy2an ğŸ˜ğŸ˜˜ğŸ¤— biar bisa ikutan happy bareng"
lhusein_,bismillah min @ikoy2an @ecamaresha mau ajak anak2 yatim piatu dekat rumah belanja seragam  dan makan2 yang mereka suka tanpa lihat harga langsung bayar dan mau sedekah kemasjid dekat rumah semoga diijabah allah aamiin bantu doa yuk @syu_deaz12 @syukron1411 @fahrull_husein17
pujaamora22,"belum pernah ngajak ayah ibu, adek adek ku dan anak anak liburan min. maksudnya liburan keluarga gitu. smoga doa ku dikabulkan sama alloh. amin yaa rabb"
sherly_mamihracing,aku ibu rumah tangga suka bikin nasi bungkus seporsi 10.000 bisa hari jumat suka bagibagi nasi gratis . bisa di cek di @dapurmamihracing88  klo ada rezeki lebih pengen bagi bagi lebih banyak lagi buat orang orang di pinggir jalan ğŸ˜‡
diegodwisakti_,"bang saya ada ide bisnis dan sedang butuh modal buat jalannya, bisnisnya berjalan dibidang entertainment dan ritel, bakal launch di q1 2022 @brobrozone akun utama yang besok akan jalan sekalian promosi, butuh buat upgrade pc sama beli kamera min dan butuh di mentorin sama bang @ariefmuhammad barang kali diberi kesempatan dan di liat komennyağŸ™ŒğŸ”¥ğŸ”¥"
dndprds,"belum pernah punya kamera mirrorless. bismillah, dikabulkan biar bisa jadi freelance photographer. â¤ï¸â¤ï¸â¤ï¸ @ikoy2an @rushyourtime"
mhmdiqbl044,baso aci :(
algi.pr,belum pernah nyobain punya uang buat beliin sepatu utk bapa ibu :)
xsn2626,"pengen beli hp buat kuliah, hp yang ini udah lemot :("
amelia.oktarina,"dari ratusan ribu komentar emang kaya mustahil aja bisa kelirik komennya, ikutan terus tapi gadapet dapet? sabar yaaaa, inget iniii!! ""sebaik-baik ibadah adalah menanti kemudahan dengan sabar"" gppa komen dan ikutan aja terus sampe dapetttt âœ¨ btw kemarin ultah ke 20thun minnn, semoga dibikin happy hariini ğŸ˜‚ aamiin!!ğŸ•ŠğŸ–¤"
duarrdoo,pengen punya smartphone flagship buat konten gaming hehe
durroist_,buat beli album @secretnumber.official yang limited edition dong kak
the_blue_tongue,blm nyobain bore up motor wkwkwwkw
pishopi95,"bismillahirrahmanirrahim, aku pengen ngelunasin tunggakan bpjs keluarga ku kak soalnya mama lagi sakit sakitan, tunggakan bpjs sampe 8 jt gegara gak bisa bayar semenjak papa di phk"
agan3638,"belum punya sepatu converse asli original kak,hahaha kesampaian sampai sekarangğŸ˜‚"
solehars,bittersweet by najla juga sabi sih
solehars,"ah apa aj deh, kl lagi laper tengah malem gini, sate kuah kecap juga niqqqmat :("
salma.muqita,"sempet gak percaya emang ada akun bagi bagi percuma kayak gini? tapi kalo beneran aku izin ikutan kak ğŸ™ kebetulan belum pernah nyoba rekam video (utk youtube) , tanpa harus bersemedi dulu milih file mana yang harus dihapus, karena memori selalu gak cukup. cukup sabar dengan hape kameraku yang gak terlalu menangkap warna dengan akurat (padahal aku beauty vlogger) yang mana dynamic range warna harus akurat agar warna produk bisa tertangkap dengan baik sesuai warna aslinya. mudah2an kalo gearnya diupgrade, subscriber ku bisa naik dari 73 subscriber menjadi 1000 subscriber dengan lancar. atau kalo gak menang gapapa. aku udah seneng banget kalo kak arief dan teman2 mau bantu support channel aku dengan subscribe dan komen aja biar aku makin semangat â˜º"
isnaaamldn_,untuk saat ini lagi pengen benerin laptop yang super lemot dan frustasi banget kalo pas lagi ngerjain skripsi si laptop malah nge-lag ğŸ˜¢ semoga rejeki @ariefmuhammad @ikoy2an
eis_komalasari09,pengen diamond ff min
dyahhdell_,"pingin banget rayain anak ultah ke 5th tgl 25 besok , pasti happy bangetğŸ¥°ğŸ™ semoga rejeki @ikoy2an @ecamaresha"
sriw.inanto,jd guru honorer mengajar di pedesaan.. selama pandemi ga pernah dapet bantuan apapun dr pemerintah...
enggal_prayoga,belum pernah punya barang ber merk yang original ğŸ˜¢..@ecamaresha
shafa.irhasy,"dri awal ikoy""yan sampe sekarang belum dapet hopeless"
susan_tiiara,happy bareng2 disini nya udahan om?
suchy_1523,belum pernah menikmati masa remaja yang bebas.haha.pengin gitu nyobain liburan biar pikirn happy eh tapi syg gada uang.ğŸ˜‚ğŸ˜‚ğŸ˜‚
hii_kaykids,kak.. aku jualan baju anak perempuan.. sayangnya belum ada yg kejual sm sekali dari 3 model total sekitar 100pcs.. kali aja kk @ikoy2an & bang @ariefmuhammad & ka @tiarapangestika  berminat mau beli utk di bagi2kan ke anak2 yg membutuhkan ğŸ™
ref_refni,"@ikoy2an .. mau nanya donk.. yg ini kapan lanjut sama kk @ecamaresha  ny..??? masih nungguin ni @ikoy2an , bg @ariefmuhammad .. ğŸ˜ğŸ˜ğŸ˜ğŸ˜ğŸ˜ğŸ˜ğŸ˜ğŸ˜"
azzahrabustomi,pengen beli hp ram besar kak buat sekolah daring hrganya 2 jt an gpp kak
nonton_streaming_ucl,ass
teofanibagusp,"pengen jalan-jalan, pengen makan-makan, pengen apapun itu yang buat senang. hari ini ulang tahun dapat kado diputusin sama ceweku. hahaha, tapi ini post lama percuma"
said_pempek_pakam,kak belum pernah dapat hadiah dari siapa pun selama hidup kk @ecamaresha
yayangpriangga,"mimiiiiinnn owner @ikoy2an original lg ulangtaunğŸ˜ semoga semakin berkah dan semakin murah hati hidupnya bang, kayanya kado terindah nanti ada baimwati lahir kedunia @ariefmuhammad . lancarÂ², sehatÂ² sampai nanti persalinan @tiarapangestika dan sukses selalu panutanqu @ariefmuhammad ğŸ™ŒğŸ˜"
pejuanggiveaway0104_,belum pernah dapet uang 10 juta bang hahaha
strongwerewolf,pengen nyobain croffle belum kesampean terus hahaha simple but quite fun for me it seems hwaaaa
mldccmaraa,"@ecamaresha @ikoy2an @ariefmuhammad ikoy2an bareng ka eca nya belum udahan ya kan bang?? bismillah, mau nyoba lagi.
jadi gini aku tinggal di desa di kab sragen bareng keluarga bude saya, emg dari kecil saya gak tinggal brg ortu karena mereka cerai dan sekarang ibu udah gaada sekitar 8th lalu. minggu ini aku abis nglakuin kesalahan yg fatal bgt sampe motor yang aku ambil harus ditarik dealer. aku ambil setoran motor selama 3th dgn uang 750k perbulan tapi baru jalan 12 setoran udah telat 2x yg bikin motornya harus diambil sama mereka. tapi beneran bang , bener udah nglamar sana sini hasil nihil apalagi ditambah sama keadaan yg tetep kaya gini dan rumah aku yg jauh dengan kota. apalagi dgn gaji yg umk 1.8 perbulan harus buat setoran motor dan uang bensin dan makan yaallah. sekarang tambah gaada motor tambah bingung bgt mau gimana, mau kemana jauh , disini udah gaada bus apalagi angkot bang. gaada uang sepeserpun karena emg udah 3bulan lebih nganggur. dan kalo mau merantau jugaa gimanaa gaada uang buat pegangan ato buat beli tiketnya, kalopun mau nglamar ke sragen apa solo ttp gaada motor . ditambah dimarahin org serumah karena dibilang malu2in, didiemin , emang bener sih harga diri itu ada kalo kita kerja dan menghasilkan uang, apalagi ditambah aku cuma numpang, sampe2 mereka jarang dirumah saking males nya liat aku. bang aku harus gimanaaaa:("
insan.nathiq,qodarullah baru saja kena musibah akun aplikasi belanja online ke hack orang. dan harus membayar tagihannya . ğŸ˜¢ğŸ˜¢ğŸ˜¢ğŸ˜¢ baru belajar bisnis online dan dapat musibah spt ini.. agak trauma memulai lagi . bismillah semoga ikhtiar ikut @ikoy2an dapat membantu saya.. terimakasih bang @ariefmuhammad @ecamaresha
alvrimarpaung,"belum punya motor, ilang bang haha"
kendalis_syifa,"mungkin ini bisa di bilang telat tpi yang nama nya rezeki kita ga ada yg tau bismillah coba aja dulu, pertama saya ucapkan terimakasih kepada ikoy2an dan jga teh @ecamaresha sebagai sponsor kali ini karna sudah berbagi di masa2 sulit ini semoga rezeki nya di limpah kan aamiin, disini sebelum nya saya bukan nya belum pernah punya hp, tapi saya pernah punya hp, tapi beberapa minggu lalu hp nya di maling yaitu tanggal 26 september, dan akhirnya saya pakai hp punya kakak saya, namun mungkin karna hp nya pernah ke banting dulu waktu pemakaian kakak saya jadi hp nya ga bisa lagi hidup sampai sekarang. sedangkan masa daring saya butuh hp untuk kuliah dan juga buat vidio untuk pratikum kadang kalo buat di hp mama saya jg kadang ga cukup memori nya jadi harus hapus beberapa applikasi dulu, saya make hp nya jadi harus ganti2an sama mama saya yang padhl mama saya jg membutuhkan hp nya. sekian terimakasih banyak ğŸ™"
nurfikri27,"pengen tau rasanya menang gimana, dari awal ikut ikoyÂ²an ga pernah dapet :("
galihpanjimaskandut,"bismillah, kk saya cuman mau tau rasanya mkn pitza yg selama in cmn bisa lihat d tv ,mau beli duit y sayang mendingan beli beras, trus smpai kpn sya tau rasanya mkn pitza"
alfian_jr9empat,coba aja dlu barangkali masih ad ğŸ¤­bismillah belum punya usaha sendiri buat bantu keuangan keluarga. kalau dpat mau bangun usaha voucher game tpi offline kyak jualan pulsa gitu.. .. @ecamaresha @ariefmuhammad
virronyy,"punya emas, help mau banget"
pratamasonie,"aamiin,,,mudah2n hari ini smua'y happy"
littlepandacraft,"belum pernah dapet gaji di atas 1 jt rupiah, karena gaji ketahan dan malah dapat denda 3jt"
nurulajizahna,"bismillah yaallah semoga ikoy2an kali ini rezeki.. @ecamaresha cuma pengen bisa penuhin kebutuhan dirumah kaya belanja bulanan gt ka buat mamah,sm pgn rasanya berbagi buat org2 dijalan kaya pedagang kecil gt ğŸ˜ŒğŸ˜‡ yaallah bismillah. sehat selalu kalian orgÂ² bahagia @ariefmuhammad @putrasiregarr17"
ahmadkopii,"2006 ortu bikin rumah udah bikin besi buat teras . dan sampai sekarang belum terjadi karena kebutuhan ekonomi, dan tembok rumah saya retak retak semua pengen memperbaiki . genteng bocor semua  kalau dpt akan aku poto ini real bukan hoax @ecamaresha @ariefmuhammad @ikoy2an"
kalakaybodas,blm pernah k bali dan pengen nyobain rasanya punya uang 50 jt ğŸ˜‚
rob_21des,pingin nyoba isi bensin pertamax turbo belom pernah haha
nopeclothing.id,belum pernah nyobain paid promote sama selebgram ğŸ˜‚
yusteza,belum pernah punya smart tv sama ajak makan seafood keluarga
udinarmain_3,belum pernah kesampaian punya drum elektrik buat belajar drum :)
ulfi_mamlux,"belum pernah ngerasain perawatan di  salon, bayangin sepertinya happy bener bisa me time maksimal sambil merem d bersihin mukanya sampai hampir ketiduran mungkin, tau tau pas buka mata, jreeeng kinclong dech wajahğŸ˜ğŸ˜ğŸ˜ğŸ˜„ğŸ˜„ğŸ˜„"
mrlyrizal_,belum pernah main ps 5 :)
farizasm_,"bismillah belum pernah punya ban motor baru dan pengen ganti ban motor yg udah harus diganti tapi fakor biaya tidak mendukung akhirnya harus sabar selama 4bulan naik motor dengan ban bocor sama bayar cicilan tv sisa 3 bulan lagi tp blm rezeki soalnya tv nya udh rusak duluan dan ciciln tetap berjalan
@ecamaresha"
vbbluen9rey,"berharap aku ga telat join karena baru ngefollow kemarin, oke karena besok aku ulang tahun. semoga aku dapet ikoy2an ini biar bisa makan bareng sama keluarga, aamiin"
mpus.ty,"pengen bagi bagi makan gratis dan membantu warga sekitar yang kena dampak pandemi ini, bismillah jumaat berkah"
itsme.araa1010,"lho heh, ada ikoy2, ya allah telat 2 hariğŸ˜‚ğŸ˜‚ udh ditutup ya,, komen boleh dong,,"
razitafilzahh,"bismillah kk @ecamaresha butuh hp baru biar gk barengan lg sm adx,, memori penuh trs..."
afzidillah,"pngin beli hp lagi kk @ecamaresha biar gk barengan trs sm adx susah soalnya ,, mau beli blm ada rezeki :)"
hijab_kekinian123,aku belum pernah ngerasain bisnis online sendiri kk ğŸ˜¢ğŸ˜¢ pengen banget punya usaha online sendiri ğŸ˜­
nuriwida,"liat story teh @ecamaresha katanya ikoy2an blm selese, bismillah semoga masih rejeki, pengen punya seperangkat alat baking, karna aku pecinta kue kering, pastry, roti & cake, siapa tau juga jadi jalan rejeki buat aku, bisa open po buat sesama pecinta rerotian â¤ï¸"
dudy.maulana,sampe sekarang belom kesampean beliin orang tua kambing min buat di kurbanin. seumur hidup orang tua belom bisa berkurban. anak nya belom bisa menuhin ampe sekarang. minta doa nya ya min biar di kasih sehat dan rejeki yg berkah biar bisa beli  orang tua kambing ğŸ™ğŸ™
surian1210,pengen liburan ke mikey holiday bareng bestie bocorrrrr hahaha
skaenndgn,pngen good looking ajah si tpi sadr dompet gw:(
2unt5l,aku pengen nyobainnnnn yupi all variant hahaha i like yupi so much soalnya
rizanami_octa,belum bisa nyenengin istri min hahaha bismillah ğŸ™
rjnidaa,"mau beli laptop baru, biar egk goyang-goyang kabel lagi kalau mau nyalain. atau setidaknua beli harddisk biar data nya bisa ke backup... kalau fd cuman bisa beberapa gb teh @ecamaresha doa di subuh ini... @selli.sintani @ariefmuhammad @ikoy2an"
rahma_nina2,belum pernah pegang hp iphone sama sekali aku aku mah :-) dari smp hp selalu android.
uhuuiylah,"gak tau sih ini dianggep apa gak, tapi klo boleh sharing, ""dari dulu tuh pengen banget punya kamera, apa aja deh yang penting bisa buat foto sama kerja, sering banget pijam atau sewa kamera buat job foto, namun uangnya gak ke kumpul karena nutupin kebutuhan lainnya."" terlepas masuk atau tidak yang penting aku udah sharing (senang berbagi walaupun hanya sekedar cerita) ğŸ‘ğŸ»"
adisetiadii21,belum pernah ganti ban motorğŸ˜‚
zayn17_zyan31,"mau adakan workshop merajut gratis min @ikoy2an . untuk remaja putri dan ibuÂ² di kampung sya. awalÂ² ajarin merajut tali masker dan botol hand sanitizer dulu. semoga di support untuk beli bahan dan alatÂ² seperti benang rajut, hookpen dll @ariefmuhammad @ecamaresha"
loriza_izonk,"pengen punya kulkas min.. kulkasny buat nyetok bahan makanan, ikan dll,selama ini jrg nyetok ikan fresh karena ga punya kulkas"
tiaraagustin1255,"gua cuman pengen powerbank buat sekolah ğŸ˜¢batre ku drop bgt , mau beli gda uang ğŸ˜¢"
andhie_odank,pengen beli smart tv 32in  kak @ariefmuhammad @ecamaresha @ikoy2an
ohhdini,"happy bgt ikoy2an gini , but takut dibilang ga bersyukur padahal keadaan emang lg sulit , karna blm pernah punya anak dan posisi skrg lg hamil anak pertama sebentar lg launching mungkin barengan sama baimwati @ariefmuhammad , belum pernah ngerasain blanja kebutuhan anak new born tanpa liat tag harga or nanya harga even belinya di store atau pasar atau shoppe haul  #ngidambelanja, semoga rejeki bumil buat dede baby launcing dikabulin ya nak , aamin ğŸ˜‡ğŸ™ğŸ»"
uusluarbiasa_,"pengen benerin hp min @ikoy2an hp nya udah error gerak gerak sendiri layar nyağŸ˜¢,karena pandemi kaga mungkin beli hp baruğŸ˜¢"
itsmelala89,"pengen happy happy dan jalan2 bareng pacar seharian aja ,,karna kmi ldr ğŸ¤£"
wayan_wahyuuu,"tuhan bisakah kau turunkan pc speak gaming ke pada ku , aku bosan mengedit video di laptop kentang yang selalu nge lag , aku capek mengedit video di hp"
fjb_berkahserang,"bismillah sedikit cerita belum sempat lahiran udah keguguran, semoga rezeki saya ingin syukuran untuk anak yang belum lahir karna saya pekerja bias ada dan tiada nya, siapa tau rezekiğŸ˜‡ğŸ™@ikoy2an  @ecamaresha"
nonawinona12,belum pernah beli iphone ğŸ˜‚ kemarin ngumpul sma temen trus foto2 hp nya iphone semua trus pada ngirim lewat yg namanya air drop lah diriku cuma punya android turunan dari kakak lagi cuma bisa bengong dan nyudut pelan2 wkwk tp gpp hp ini lah yg banyak berjasa buat aku â¤
alfito._01,gausah muluk muluk buat bayar shoope pay later kak yang terakhir tgl 25 ini bismillahğŸ™ @ikoy2an @ecamaresha
muhiqbalder,"yah udah telat apa belum ya? belum pernah pake hp iphone dari dulu, selalu pake hp turunan dari kk terus ğŸ˜‚"
icaihh,belum pernah nyoba ke trans studio bandung :(
meilindathenna,"belom pernah dan pengen ke taman safari sama anak, apalagi anakku happy liat vlog baim main ke zoo ituuğŸ™ğŸ»ğŸ˜‡ğŸ¥°"
devitavnesa,"belum pernah ikut les, tp pengen bgt les, cmn kasian ortu huhu. nilai anjlok semenjak sma apalagi masih daring dan blm normal kaya gini ptmtnya"
devitavnesa,"pengen les bgt, nilai jeblok semenjak sma + daring gini huhuhu"
indra_photography20,pgn nyobain lensa baru... ah...tp ga mungkin terlalu mahal.ğŸ¤­. tp udah telat yah?? baru isi paket data. ya udah mau kasih semangat aja buat org2 baik semoga lebih happy ajaâ¤ï¸â¤ï¸â¤ï¸...
tang_bin,belum pernah punya smart band / smart watch. pengen juga ngukur jauhnya klo jalan kaki pagi2. bismillah moga ada rezekinya
rizkyyuzar777,pengen punya hp bru sii buat sekolah soal nya ini udh g support google meet aja ga bisa
yuli_ptn,"semoga ini rezeqiku...aamiin.
pengin dpt surprise dr allah melalui @ecamaresha"
radityapuutra,belum perah cobain jepret foto make kamera sendiri :(
delfrianiherza,"pen ngemall kak, asli sama pen jajan2 di mall aja udh happy"
alexander_csph,mau beli ban buat mobil min soalnya benjol ğŸ˜‚
rully_handayani,pengen punya masker merk agal mahalan kaya kos**sk apa s**si gt min ğŸ˜¢ğŸ˜¢
trisnogo,hp android yang bagus soalnya hp ku ini sering ngeleg ramnya 2gb buat daring anak ğŸ˜¢
bukanrivki,spam untuk kuota by.u ğŸ™Œ
alfianimld_,coba dong bikin gue happy sekali aja gapapa wkwk
ardinanst,belum pernah menang ikoy2 hahaha
riri_fadap,makan diresto super mevvah
vinialf,belum punya tabungan buat terapi anak speecch delay
wisnu.adjiwibowo,"smart wheel dunk, buat anak saya.."
mustikaara,belum pernah nyobain acihuy akang plisss ğŸ˜¢.. setiap liat orang makan cilok cireng dan kawan kawannya huhu sad pingin bangett
salsabilamaulaa,mau beli bittersweet
aracrafts_ind,"alhmdulillah... tapi pengen sih biar pernah holiday bareng sm anak dan suami. suami lg cari kerja dijawa, anak udh set tahun gak ketemu .. bikin kita pernah holiday breng doongg ğŸ˜ğŸ˜ğŸ˜.. aamiin"
trisucimandasari,"belum pernah nyobain naik pesawat, dan belum pernah punya mesin printer kyocera udah dari dulu kepingin @ikoy2an  @ecamaresha ha."
megadianaaa,mau di isiin shopee pay buat belanja perlengkapan baby â¤ï¸
adejuniardy,pengen top up shopepay yg banyak buat bisnis pulsa di kampung wkwkwk
ambar_0812,blm pernah ganti ban motor tubles biar awet
tasyyyyafa,ngasih sesuatu yg special ke umii
alfinsyah.rizky,hanya ingin minta doa untuk kesembuhan bapak saya yg menderita stroke ringam semoga cepat sembuh
anwar_khafid,"@ikoy2an @ecamaresha duh kok belum pernah punya dan rasain sepatu merk nike ori,tiap mau beli pasti kepikiran kebutuhan lain.fix no debat sepatu nike ini selalu kepikiran rasain nyamanya pakai"
indocalita,"belum pernah punya laptop sendiri. dulu pakai punya kantor, sekarang minjem punya kakak. padahal lumayan butuh juga buat support usaha, termasuk pembukuan, stockist dll"
riiskaikokk,sebenarnya aku belum pernah nyobain menang give away :d
aulyarivani,mau kulkas kak haha
elandaa_f,pengen beliin bapak sepeda lipat min biar g pake sepeda lama udh butut :)
dewantodadhut_,belum pernah beli ban baru merek bridgestone. selalu beli ban second
aldifrizy15,"minn ikoy2an ready lagi dong nungguin dari kemaren ga dapet dapet, semoga hari ini rezeki biar dapet"
em_tazim,blm pernah yobain happy dapet hadiah dari ikoy2an...
garninisss070901,belum pernah punya laptop :')
vianoveyraa,pengen punya smart tv biar orangnya makin smart ğŸ˜
erwinaprilyandi,pengen happy sama anak istri tanpa mikirin isi dompetğŸ˜‚
robymachfudin,sepatu bola yg top grade min
yumitha_elvz,"bismillah, story terakhirnya ikoy2an belum selesai kan minğŸ˜ sebenarnya ini bukan hal yang belum saya punya atau coba tapi sangat ingin saya lakukan saat ini adalah berbagi ke orang-orang di sekitar saya, nah targetnya sih anak-anak deket rumah saya, soalnya depan rumah kalau sore hari rame banget anak-anak pada main, kayaknya kalau saya beli jajan atau cemilan atau kfc gitu trus dibagiin ke mereka pasti bakal seru banget sihğŸ˜ğŸ™Œ"
chairunisal,masi ga si? hahaha bm jcoğŸ»
meilindaaaaa.sr,"bang kenapa gue ga sehoki itu ya, pengin rasain gitu menang ikoy. gue  pengin uangnya buat ngsh ortu sama buat gue modal usaha. fresh graduate susah dpt kerja  bang  lagi usaha hijab mau restock bnyk tp ga punya modal bnyak. semoga ikoy pilih gue ya jdi pacarnya, eh salah wkwkw mksdnya kepilih dpt ikoyğŸ˜¢ğŸ˜¢"
17.lika,bittersweet by najla wkwkwk
_alfirtxyyy,"bismillah semoga dapat 6,5 jt kepengen punya motor astrea bangğŸ˜‚"
efllionte,"lagi pengen ngebantu saudara kena tbc min di rumah sakit sekarang. semoga yang ngebaca ini, bisa bantu doa nya supaya cepat di angkat penyakit nya. aamiinğŸ”¥ğŸ˜¢"
kurtcobii,"mungkin belum rezeki ya,padahal dapet 1 jt aja alhamdulillah banget bisa buat nambahin modal usahaku tetap semangat juga ya yang belum dapet dan gapernah unfoll sponsor ikoy ikoyannya ğŸ˜‚"
wahyubejok029,laptop kk
ayuuprdt,kinder joy
uzumakingkong,pengen cobain beliin mama hape baru supaya bisa vidcall lancar karena udah 2 tahun gabisa balik ke indo bang hahaha
dparum,pengen beli skin care biar muka kinclong ğŸ’†â€â™€ï¸
anyadewi1512,"belom pernah dapet ikoy2an, ğŸ˜¢ğŸ˜¢ pengen ganti ban motor dan perpanjang sim dan stnkğŸ˜¢ sudah mati dari 2th laluğŸ˜¢ğŸ˜¢ğŸ˜¢ @ikoy2an @ecamaresha"
pangilaku_zayn,min aku mau jajan ke alfamidiğŸ˜¢ mau borong udah lama semenjak resign kerja gak pernah jajan banyak maklum sayang uang y buat popok anak
veryardi7,belum pernah didm admin suruh kirim no rekğŸ˜…
isma_391,belum perna pakai ipon hahaha
ss.san__,"belom pernahh pegang macbook , kayaaaa nyaaa pingsann dehh kalo pegang barang mahal :("
fadhlidzil11,mudah mudahan rezeki mau buat benerin motor abis kena musibah kena pecahan ban mobil dumtruck pas mau nyalip tau tau mobil nya pecah pas pas banget kena body motorğŸ¥º
fitriaa_rahmaaa,"belum pernah nyobain checkout shopee tanpa mikir harga, krn pernah cocok tapi gag sesuai kantong.ngrem dulu nabung dulu"
sfiryo,belum nyoba ip xr :(
50_lihien,no coment
durroist_,belum pernah beli album @secretnumber.official yang limited edition
nyoctav,belum pernah punya iphone. pengem cobain pu ya hp iphone kağŸ™ŒğŸ˜‚
zain_afkarmalik,"pengen beliin ayah ku bal sepatu seken aja deh, pasti bkin ayah happy bget ğŸ˜"
iwanali89,pengen beliin laptop buat sekolah daring adik iparku
dievergessenen13,"hp udah drop skali lepas charger lgs restart ,mau kerja pke hp mana bisa d ajak jln lama, mau jln cari cwe aja ribet hahaha"
indrazanoo,belum pernah nyobain super car apalagi punya ğŸ¥²ğŸ¥²
alifyarhman,"aku belom pernah punya laptop yang ngebut specnya. punya tapi udah mulai lemot, mau beli laptop baru apalah saya guru honor gaji 500-600rb sebulan. mudah2an dinotice mimin @ikoy2an sama kak @ecamaresha biar kalau ngeinput nilai ga suka ngehang laptopnya apa lagi masih suka ngasih materi via daring juga"
saibahrizq,"pengen punya kendaraan, pengen pergi kerja tanpa worry karena harus gantian sama adek wkwk"
mm_baydhowi,belom pernah nyobain buku berbahasa inggris ori min. mo beli di amazon ongkirnya sm ke harga.. mo beli non ori takut dosa ğŸ˜„
mellyyyyy122,belum nyobain holiday dari awal pandemi
fitriawidiastutii,"males sok mendramatisir, intinya aja belum pernah punya  laptop khusus nge desain kak @ecamaresha @ikoy2an ğŸ™"
achvj_,"ini belum selesai kan yaak? ğŸ˜ @ikoy2an @ecamaresha @ariefmuhammad .. pengen dibikin happy buat nyobain conversenya bang @ariefmuhammad ğŸ˜… kaki saya fleksibel bang, muat semua ukuran ğŸ˜"
galuhshyta,belum pernah nyobain dear butter croffleğŸ˜¢
x.chrs.ap,belum pernah nyobain @basoaciakang :)
ianhasaan,yuhuuuuu.... d papua blm prnah tinggal d hotel bintang 5 hahaha
lilasepta,belom pernah pake skin care merk mas glow kakakkk @ikoy2an ğŸ˜‚ğŸ˜‚
syaarfiin,"belum perna makan fine dining gitu, pasti pengalamannya seru banget ini"
willykitchen_,"belum punya modal buat endorse jualan sambel saya bang, pengen di kenal orang banyak dan laris manis jualan nya, lancar jaya pokonya."
amnuubai_,bismillah kk butuh hp biar gk barengan trss sm adx
efendy1011,"aku harap bisa membantu sekitar sayang tengan tenaga uang dan doa
yg terpenting saya sehat dan di beri rezeki yg halal"
aatttuuuulllll_,belum pernah punya pacar :)
seeelllyyyy,belum nyoba smart tv min ... tv kemarin rusak sm bocil ..... bismillah rezeki amiiin .... @ikoy2an
rnldikristi,liburan di pangalengan bandung enak kayaknya min healing2 hahaha
akmal_musta,pengen dapet rejeki buat kasih surprise keistri yang lagi nunggu hpl lahiran anak pertama
rfqymchrrr_,pengen megang iphone :(
andreferdinan2493,"pengen punya macbook pro bekas di @laptopsss ,mau buat editing dan streamer gaming, belum ada modal belinya , semoga disini ada rejekinya , doa yang terbaik buat kalian @ecamaresha @ariefmuhammad @ikoy2an ,gagal terus ya coba lagi, kali aja beruntung"
nindaaxx4_,"belum punya laptop, please ğŸ¥º"
rizka_steadinata,kali aja yg telat bisa dibikin happy jg.. ajakin anak2 happy ke timezone terdekat.. ğŸ˜‡
juliawanard,pen ngerasain jajan ke starbuck haha
ceuungch,belum pernah kesampaian punya laptop :( kadang kesel kalo ngerjain kerjaan by phone hpnya ngelag bangettttğŸ˜­
dilaysf26,blom pernah punya converse shoes yg original ğŸ˜‚ zaman spg dulu pake converse pasar jiung ğŸ˜‚ğŸ˜‚
preshtie,"pengen beli timbangan, lagi proses naikin bb biar ideal :))"
ghiffarifb,belom pernah jadi member gym + pt nya haha
teoarif,pengen banget punya raket yonex original lagi krn dlu wkt kecil selalu pake raket yonex krn di beliin ortu ğŸ˜‚
rhafazka89,pengen liburan ke bandung sama anak dan nyobain makan oyster mentah yg fresh tp gk prnh menang ikoy2an
mumusehati,"belum pernah punya iphone ğŸ˜‚ğŸ˜‚ğŸ˜‚ mau banget deh beli iphone kk @ecamaresha nunggu tfan dr kak @selli.sintani hihihi ğŸ˜ kali aja ini mah dapet tf an buat beli iphone, yaaa minimal ip xr ğŸ˜‚ğŸ˜‚ğŸ˜‚â¤ï¸â¤ï¸â¤ï¸â¤ï¸"
giritenggara,"pengen traktir kedua orang tua ku makan enak , udah mw 5 tahun ga prnh makan bareng gt d luar. sejak papa pensiun"
its_miun_valentino,"masih bisa ikutan ga ya? belom pernah bisa ganti hp yg sekarang, udah nabung, kepake buat sehari2 padahal hp yg skrg ini udah error dan layak pensiun kayanya hehe moga bisa dpt rejeki dari @ikoy2an @ecamaresha @ariefmuhammad"
adit_akbar500,mau beliin sepatu safety sama baju yang bagus buat yang orang kerja ambil ambil sampah setiap rumah dikampung gue min.
retnowahyuni4,"pengen beliin eksrim anak-anak di gang , biar pada seneng, soalnya happy aja ngeliat anak anak seneng ğŸ˜Š"
serius.bisnis,mau body care maresha sama lip cream nudeğŸ˜¢
ayu_iindrii25,masyaallah. yg terpilih komentar nya cuma via per detik. berarti aku udh komen dari kemaren trus ga terpilih pupus harapan buat dpt kyknya ğŸ˜‚ ga mau spam juga. selamat buat yg dapet. semoga bermanfaat dan buat kak @ecamaresha dan tim @ikoy2an  semoga berkah dunia akhiratâ¤ï¸
dadan_inst,"mau ganti ban motor kak, udah botak ban motor buat ngojol â˜ºï¸"
indiedr,"belum service motor sih bang, udah setaun belum diservice sama pengen ganti ban soalnya udah licin bgt"
pasukanrumahbaba,pengen street feeding kucing kucing liar di jalanan ğŸ˜¢.kalo ketemu cuma bisa kasih dikit dan beberapa doang ..suka ngerasa kepikiran yg belum dikasih
tw.sykb,"baru lulus kuliah ni bang, pengen me time kasih reward buat diri sendiri ke salon hihi"
mchrstnn_,belum pernah punya iphone :(
bap9.9,komputer min dream dari tahun 2019 belum ke beli uangnya ke pake mulu
novalino.trimulya13,bismillah dah pengen beli baju bolaa buat dukung tim @liverpoolfc you'll never walk alone
zanita_setyaw,"kaka ku mau lamaran, pengen gt beliin cincinnya ğŸ˜¢"
beside01,pengen bisa beli sepeda buat olahraga sore
natheeen_,belum pernah beli ban motor
fajar.andikaa,"semoga dibaca nih min, pengen punya vaccum cleaner min soalnya di rumah lagi memelihara 7 anabul min, yang 5 baru aja lahir. kalo punya vaccum cleaner kayaknya lebih gampang gitu buat bersihin lantai dari bulu. kadang kalo disapu terbang terbang bulunya ğŸ˜‚ğŸ˜‚ğŸ˜‚"
nuralvilah,"ayook happy bbareng2 yok, pengen ajak orang tua + mertua makan di restoran bbareng2 min.. slama ini mereka lebih banyak mendengar kelu kesah ku dr pada senangku, semoga kebaca â˜ºï¸ğŸ™"
fajar.andikaa,"semoga dibaca nih min, pengen punya vaccum cleaner min soalnya di rumah lagi memelihara 7 anabul min, yang 5 baru aja lahir. kalo punya vaccum cleaner kayaknya lebih gampang gitu buat bersihin lantai dari bulu. kadang kalo disapu terbang terbang bulunya ğŸ˜‚ğŸ˜‚ğŸ˜‚"
anik8894,belum pernah dan kepngen punya offline store dengan barang ready stockğŸ˜ biar bs bntu ngelunasin utang
kikiyuliantoyulianto,"pengin naruh nasi gratis di etalase sedekah nasi gratis di tegal min tiap hari jum'at, belum pernah karna kalo ngasih ala kadarnya kasihan kan takut ga kemakan jd mubadzir jd pengin ngasih yg lebih pantas aja makanan nya. semoga aja bisa @ikoy2an @ecamaresha"
wyugiswaraa,pengen ganti ban luar sepeda udh tipis kaya harapan dapet ikoy2anğŸ˜¢
xxzdeath,"pengen beli tiket pesawat buat pulan di kediri jatim, sekarang lagi di manado sulsel ditipu orang :)"
meilansn,bittersweet by najla
keceinside,maaf telat bang :) saya belom pernah nyobaain naik pesawat
ukhensetiawan,"motor saya belom pernah nyobain pake ban tubles min,kalo dapet mau beli buat depan belakangğŸ¤£"
risa.hnihpai,"belum pernah dapet ikoyÂ²an kak , klo dpt kan lumayan buat bayar shopee pay later ğŸ˜‚"
zaddll7,"pengen suntik keloid, biar ga insecure lagiii"
ccichaa10,@ccichaa10 / hp yg ga lag
sitisriamanah3,hahaha bakso kuda kali yah ğŸ˜‚ğŸ˜‚
prasita18,belum pernah nyobain bittersweet by najla ğŸ˜¢
inayatullaela01,"pengen deh beliin anak sepeda biar tiap sore bisa jalan"" keliling ko"
dwimhadi,"jadi gigiku tidak rapih dan belom pernah pake behel dan mau cobain, nah ini termasuk dari postingan ga sih kak ? kunfayakun mau ambil hocky tahun ini buat pake behel wkwkwk @ecamaresha @ikoy2an @ariefmuhammad"
ansamldya,pengen nyoba belanja bulanan sepasnya tanpa liat harga :')
adi_penceng,belum pernah naik vespa excel dan vepa pts. dan pengen nyobain kedua vespa tersebutğŸ˜¢ğŸ˜¢
ccicha10,"belum pernah traktir mama dan adek,pengen bgt dr dulu nraktir :')"
catlovers_cianjur,udahan ya ikoy2annya? :( yaaah padahal pengen baso aci sebaskom
schyrgstx_,liburan ke bromo / bali :)
indri.mz,pengin laptop buat nugas sama belajar ngedit biar ga nge crash yaallah
nursantidewi_,komen ikoy2an belum pernah di like sama temen-temen yg lainğŸ˜‚
rismawati_ismail,pengeng rasain punya hp yg hrga 2 jutaan.. :)
yudo18_,"bismillah klo rezeki , pengen punya pen tablet buat desain dan usaha sebagai freelancer ammiinğŸ™Œ"
luthfiiaeka,belum pernah punya army bomb abisnya tabungan buat army bomb kepake terus
udey31,komputer di kamar sihğŸ˜‚ happy kayanya
baszkaraa,belum pernah nyobain jadi pemilik club newcastle united
putrikayladinda,pengen operasi gigi :)) kurang 1.5 jt lagi nihhh bismillah!
nitanovianti__,top up shopeepat 2juta @ikoy2an
aliviaikawidianti,bittersweet by najla
navyno_,"dari dulu pengen banget punya moge bangg, sampe sekarang belum kesampaian :)"
lizz.y5707,"belum pernah punya kalung emas, dan belum pernah nyobain makan pizza yg 1 meter.. wish me luck"
blessedluck_,"pgn makan seblak, lgi puyeng revisiian :')"
infopati.update,"punya smart tv. sederhana sih, pengen aja nonton tv sambil bilang ke remote ""ok google, play money heist on netflix"""
devimeiska,"blm pernah nyobain baso aci akang, cakekinian, bitter sweet by najla, soalnya di tempat ku gaada,"
muhammadamuhsina,beli skincare tanpa tunggu promo dan gratis ongkir ğŸ˜‚ğŸ˜‚ğŸ˜‚
reikarahma24,pengen dandan pakai mua hahaha ğŸ˜‚
ghiamaruti,pengen bgt punya taman bunga d rumah...yg kecil aj..jd kl aku stress bs refresh liat bunga2ğŸ˜
milda.herniyuniarti,"ya allah ketinggalan karena abis tugas ada acara bersama para anak2 penghafal quran . pengen banget dari dulu berbagi, berbagi kepada anak yatim piatu, tetangga-tetangga, pengemis dijalanan, pedagang-pedagang kaki lima, dan pengen traktir temen-temen kerjaku sebagai guru honorer. masyaallah cita-cita dan keinginan yang bum terwujud. semoga bisa terwujud kali ini aamiin. kun fayakun . bismillah. â¤ï¸ @ikoy2an @ecamaresha"
sartika6620,pgn helm baru min yg anti totol2 kalo kecipratan mobil samping  pas lg ujan ğŸ˜
domdomtoreto,belum pernah punya laptop bisa buat zoom :( kalo kelas pake laptop suka ngang ngong ngangong ga kuat ram nya t________t
kenzo_caesar,pingin masuk monas naik ke atas gt ğŸ˜‚ğŸ˜‚ğŸ˜‚ğŸ˜‚ğŸ˜‚
sarahrtbg,aku belum pernah menang giveaway sama door prize gitu2 seumur2 hehehhe. pengen coba menang sekali gitu
mhraniii_01,pengen banget beli collagen drink buat bikin kulit cerah soalnya suka insecure liat temen2 udah pada glow up sedangkan aku masih aja suka di ejek item:(
arvakhoerunisa,mau teflon anti lengket biar diet nya semngat
agnescatharinaa,"pengen nyobain beli iphon baru kak, hp yg lama udh lemot :("
farhanan_achmad,memberikan/mengadakan makan gratis dihari jum'at min. tema jum'at berkah.
chulikagus,pengen beliin istri tv smart bang ğŸ™ @ecamaresha @ariefmuhammad
duwisafira___,#pengen hp iphone <3
ismimarsellin,kalo dapet uangnya kepengen berbagi aja ke security kantor yg usianya udh 70tahun mengabdi dikantor tapi pas tau gajinya cuma umr dan anak nya masih pada kecil - kecil (masih sekolah) harusnya di masa tuanya itu dia bisa bersantai aja namun ya bagaimana lagi masih ada tanggung jawabnya sebagai kepala keluarga dan harus tetap bekerja .
saptowiharyadi26,belum pernah rasanya profit di trading kemarin malah los mulu udah abis 600rbğŸ˜¢ padahal dah sering liat yt doni indraken ttp aja sudsh
liaahnlia,"pengen ngasih rezeki utk ibu2 tukang sapu di sekitar kompleks, 100% akan dikasih, ready dokumentasi."
dea.silfia,mau dong kk buat batu nisan almh mama dn alm papa ğŸ˜­ @ecamaresha
raturistia_,pengen coba bisnis skin care
destiimaya,ga pernah dibaca dan dapet. lawannya hampir 600ribu orangğŸ˜‚ pengen nyobain berbagi ke panti asuhan dekat rumah sambil makan bareng sama mereka.. batin pasti rasanya wow ya bahagianya
buburketankinco,semoga gk terlambat cuma pengen nyobain bakso aci akang udah gt aja.
rasy1y0,belum punya laptop buat daring
ika.oktavianaa,saldo shopee pay aja kak buat belanjain diri sendiri dan keponakan2ğŸ™Œ
dianaisyaa_,xiboba dan baru grand opening kan pasti promo
_ivanavero,buat bayar pinjol kak 10 jt
__g1rannnn,"tolong aku pgn punya laptop sendiri, utk nge design di mikrostock lagi, pinjem trs kga enakk e slurr :)"
__g1rannnn,aaaa pgn punya laptop lagi biar bisa nge design di mikrostock :)
abadi_store123,"boleh berbagi untuk guru honorer ga bang.. yg klo pagi sampe siang dia ngajar dan sore nya serabutan. krn teringat suamiku dulu dengan gaji 400rb, hari liburnya ga ada. krna harus memenuhi kebutuhan keluarga dengan sehabis pulang ngajar dia berjualan es.. semoga ada rezeki untuk guru honorer rekan kerja suami."
nrshyakee_,"bismillah, jika rezeki pengen nyobain estafet kebaikan min, @ikoy2an @ecamaresha berupa nasi kotak untuk jamaah jumatan besok skitar 250 orang dengan dua masjid yang lauknya super banyak supaya bisa disantap satu keluarga. rencana lauknya berupa ayam,telur,tahu,tempe,sup,acar dan kerupuk."
azkahyung,pengen bakar2 ikan laut min belum pernah nyoba :(
gentatopher_,"sebenernya tu pengen liat kluarga kakakq hidup tenang tanpa deg2an kl tiba2 ibu kontrakan dtg dan nyuruh pindah segera bang.. karna uda nunggak berbulan2, pengen bantu tp akunya jg g ad..tenang g pusing mikirin biaya sekolah anak yg nunggak jg.. soalny 2bulan kmrn dikerjaan sebelumnya kakakq g digaji,karna ownernya kena kasus.. puji tuhan ny skrg uda dpt kerja wlopun jarakny lumayan jauh dr kontrakan.. skrg yg lg urgent bgt tu motornya dy sih bang,perlu diservis karna sering mogok,kmrn abis dorong dr separuh perjalanan kerjaan kerumah,cian,lumayan ada kali 4kiloan ğŸ˜‚ ak tau yg lg membutuhkan bgt itu byk bgt,kl syukur bs dpt biar buat servis motor dl,ini bneran g bohong atau bikin crita disedih2in y bang, sedih aja gt ada sodara sendiri yg lg kesusahan tp blm bs bantu apa2.. semoga aja rejeki dy kali ini,ya sp tau kan ya.. miracle of ikoy2 hehe @ariefmuhammad @ikoy2an @ecamaresha"
venlafaxin.e,belom pernah punya smart tv. pengen karokean
fickrianahdaghaisani,"semoga masih kebagian, pengen banget beliin anak smart hafidz, harganya 2,5jt.. biar bisa belajar agama dan gak tertarik lagi sama hp. semoga rejekiiiiiiiiiiiiiiiii @ikoy2an"
muhammadridh019,"pengen nyobaa sepatu converse original sih,selama nih liat orang pake converse vibe nya waktu melihat duhhhhğŸ˜¿ğŸ˜¿"
vikaangela,klo aku sih puji tuhan udah punya dan udah pernah cobain yg aku mau. apapun itu harus selalu di syukuri. tapi aku blm bisa membahagiakan orang tuaku. kebetulan sebentar lagi papaku mau ultah yg ke 60. aku mau bgt kasih surprise aku mau kasih money cake & birthday cake karena selama ini papaku blm pernah merayakan ultahnya jadi aku mau bgt punya moment di ultahnya yg ke 60. semoga panjang umur dan ada rejekinya jadi semua rencanaku bisa terkabul. amin ğŸ˜‡ğŸ™
lanatriaza,nyobain makan steak tp pas liat menu gg liat harga dan gg minum es teh manis ğŸ˜Š
putri_ikrimatunnisa,"buat dp motor, abis kemalingan motor, klaim asuransi di bikin ribet setengah mati :("
rtriambarrr,aku butuh free endors aja dr bang @ariefmuhammad ğŸ¤—
lukitasariii,pingin punya piring banyak. biar makan ga gantian. cuma punya piring 2 dirumah :') @putrasiregarr17 @ikoy2an @ecamaresha
mamakcilauna,pengen smart tv sm masang wifi di rumahğŸ˜
namilanvia,"butuh vitamin buat dibagi bagiin min,skrng musim ujan+banjir kasian orng"" dijalanan ğŸ˜¢"
anisaaptr._,"mau buat acara hss min, buat ngerayain hari legal"
widyac.o,"mau beliin tv digital atau smart tv, karna dirumah masih tv analog ğŸ”¥. biar bisa nonton disney hotstar dan netflix"
aryawira86,bismillah mau jajanin orng tua mesin kopi ayah ulangtahun blm sempet ngasih hadiah :)
dessydrs,@basoaciakang @lokasaji @bittersweet_by_najla fix blm pernah nyoba.. sad gk tuhğŸ˜¢
umy_komala,masi bisa ikut ngga ya?.... semoga aja masi bisa ikut.... pengen ganti tv rumah masi pake tv tabung udah gitu ngidupin jam 6 pgi nyalah jam 4 sore eh udah dua hari kga bisa nyala lagi dia mungkin udah lelahğŸ˜‚
larassati__t,pengen makan nasi padang yg di pagi sore min blm pernah traktir mama ku disana
bernika.a,kacamata minus anti radiasi kak
avicenna_bijihalba,punya motor revo dari jaman sma terus skrng motornya gaada remnya sama ban depannya udah botak kempes muluğŸ˜
herlina_chen,endorse selebgram yg mantull untuk @casual.gift mana twu dibacaa.. amiinnnn
intaaan___s,"belom pernah investasi dan pengen nyoba belajar investasi, smoga ada rezeki disini buat modal top up rdn â˜ºï¸ @ikoy2an @ecamaresha"
wildawidiya,pgn ngerasain dapet giftt dari ikoy2an ajaa :)
sahrulfrnsyh,mesin vespa excel ğŸ”¥ğŸ”¥ğŸ”¥
dianmoengil,masih lanjut niy yaa.. aq belom punya smart tivi yg inc nya gedeee banget...
tehintaan,smart tv yg 32inc aja gapapa aku mah ğŸ˜‚ğŸ”¥
umi.hmdh,"pengen punya smart tv min,dirumah gapunya tv ğŸ˜‚"
nrshyakee_,"bismillah, jika rezeki pengen nyobain estafet kebaikan min, @ikoy2an @ecamaresha berupa nasi kotak untuk jamaah jumatan besok skitar 250 orang dengan dua masjid yang lauknya super banyak supaya bisa disantap satu keluarga. rencana lauknya berupa ayam,telur,tahu,tempe,sup,acar dan kerupuk."
maeessaa,pengen punya tas sama sepatu baru buat kuliah offline bentar lagi
iis_1309,semoga belum terlambat ikutan min pengen nyobain punya smart tv kak @ecamaresha
meldacitra96,"pengen beli makanan diluar, sama dipijit, itu aja.. soalnya badan lagi ga fit"
siskawdiyaa,pengen nyobain punya badan ideal kak ğŸ˜‚
psky198,"pengen pasang wifi dirumah min . masang sekarang , lagi ada gratis 2 bulan ğŸ˜‚ . kan lumayan"
shofa_muhamad31,@stnrlela kasih 10juta min hahaha
dalladallashop,mau beli celana jins baru buat kuliah offline nantiiiiğŸ˜®
mandrakkk_,"sederhana min, belum pernah dapet ikoy""an dari awal sampe sekarang :)"
intan_dita_kusuma,bismillah semoga rejeki dan belum terlambat...pengen ganti smart tv yang layar lebar min @ikoy2an dan ka @ecamaresha ... yang sekarang tv tabung udah bolak balik service jugağŸ™ğŸ™
ovimeilia,pengen beli ban motor
ennopurnama,belom pernah nyobain dear butter
nislsabila,iphone... haha becandağŸ˜¢
teddy_pr,"pengen ganti ban motor udah botak min, musim ujan ngeri licin"
meidyantinrl,macbook pro... pengen nyobain ngedit yt pake final cut pro ğŸ˜¬ğŸ˜‚
lucky_nutss,cuman butuh doa aja supaya dagangan masker laku â˜ºï¸
astri.il,blm pernah nyobain pizza dominos udah bukak dr bln lalu di palembang min :')
aldhitaaryaaa,"@aldhitaaryaaa setiap ada ikoy"" selalu ikut dan usaha,tapi apalah daya,nama selalu tertimpa dan ga pernah di like sama banyak orang"
kennyrland,mau foto sunset gitu tpi no camera hp burem abis
wati19418,pegen smart tv bang biar anak2 bisa nonton youtub gak usah ngerebutin hpğŸ¤—
eckobucek,@kamilmaulanaa ok dm norek nya
gabbynesta,belum pernah naik sepeda sport seumur hidupku :(
anggerani_,"aku pengen bisa keterima kerja, sejak masa mulai vaksin covid19 gini. fyi, aku penderita rare disease yg jd komorbid, membuat aku gak boleh divaksin, bukan gak mau ya. tapi semua pt menolak krn aku gak punya sertif vaksin. krn aku gak bisa dan gak boleh divaksin, aku jadi kaya dianggep bukan manusia. padahal byk manusia berkomorbid yg gak bisa menerima vaksin"
4bdlatif,pngn buka usaha spbu mini tpi alatanya lumayan mahal min biar istri gk perlu kerja soalnya lgi hamil kasian biar usaha dirumah aja mau resign tnpa usaha tpi msih bnyak tanggungan apalagi biaya periksa hamil & lahiran itu gk murah @ikoy2an @ariefmuhammad @ecamaresha
auliarhmn13_,"bismillah semoga dapet mau beli hp buat daring , karena hp yg skrng rusak"
devinadump,pengen punya laptop buat daring
dfauziah17,"masih bisa gag yah ka, belum punya uang buat kasih bokap beli gas kosong, buat nambahin usaha nya."
suciiiiiillllll,bismillah buat lahiran kk ipar insyaallah ğŸ˜‡
rafamirza014,"pgn nyervis motor,ganti ban tubles krn blm prnh servis ğŸ˜‚"
cheer_fy,"semoga ada rezeki ny disini, pengen banget bantu selesaikan renov rumah buat org tua yg skrg lagi di stop krna kekurangan dana, mereka pasti bahagia banget ğŸ™â˜ºï¸"
masangga145,pengen pasang wifi dirumah :)
aldito_permana24,"mau penggalangan dana untuk nasik gratis di hari jumat,kuy bantu"
fdhl_official,belum pernah ngerasain pake helm fullface selama 17thn min :)
ar.bdi,masih bisa ga min ? saya belum pernah punya jam original ğŸ™
irmaamelshop,belum pernah sewa villa bagus dibandung biar bisa bawa sekeluarga @ecamaresha @ikoy2an  jd pengen tau rasanya gimana bikin happy + ngajak refreshing keluargaâ¤ï¸â¤ï¸â¤ï¸â¤ï¸â¤ï¸â¤ï¸
nisarifdanisamayasiregar,pengen nginap di mikie holiday brastagi bareng keluarga biasanya cuman bisa liat dari luar aja ğŸ˜…
axel.cen,belum bisa ngasih uang bulanan ke mamak :')
nisarifdanisamayasiregar,pengen nginap di mikie holiday brastagi bareng keluarga biasanya cuman bisa liat dari luar aja ğŸ˜…
absharinakhairah,"dari dulu pengen bgt bisa bantu orang.. bantu dr segi ekonomi,  hitung hitung sodaqoh.. tapi utk diri sendiri aja masih kurang.. 
kali aja dari ikoy ikoy bisa bantu, jadi gini koy, aku punya om yg udah ditinggal tanteku meninggal karena kanker rahim, dan skrg dia harus menafkahi 3 anaknya yg masih kecil (smp,sd dan tk). sedangkan om ku itu ga kerja, jd dia tinggal dirmh eyangku yg ada warung jualan jajan dan sembako (nerusin warung karna eyangku udah meninggal), tapi dulu semasa hidup, eyangku ada modal utk jualan sayur tp sayangnya tetangga banyak yg ngutang, dan ketika eyangku meninggal, tetangga pada ga bayar utang.. nah skrg om ku ga bisa jualan sayur karna ya ga punya modal, utk bisa makan sehari hari aja alhamdulillah, krna pendapatan dr jualan yg kering itu ga seberapa (alias warungnya sepi, krna tetangga tau ga akan bisa ngutang lagi).. kali aja dari @ikoy2an dan kak @ecamaresha bisa bantu kasih modal biar bisa jualan sayur lagi..
kalau dipikir,  mngkin banyak diluar sana yg kondisinya lbh kekurangan lagi, tp menolong kondisi saudara terdekat dulu nggak ada salahnya kan ğŸ˜Š"
weeweegot,"pengen ganti hp min, buat belajar yang ini udah sering lag terus"
rifandraw,"yah kecil sih buat kemungkinan dapet tapi pengen coba beliin mamah oven baru, moga2 rezeky aja bisa dapet. thank you"
ifdarisma,pingin tau first impression sekeluarga makan all you can eat. biasanya di kondangan org mulu ğŸ˜
berliaansafira,bagiin makanan sarapan gratis kayak mba mba tiktok kakk
pejalanciliik,"pengen laptop aja min,  capek apa apa minjem temen mulu,  iya kalau dapet kalau engga kena omongan malah yg di dapat hahaha @ikoy2an @ecamaresha @ariefmuhammad"
marruuuu__24,"bittersweet by najla, gaada di batam huhuhu"
satyahersan23,udah segede gaban mo pingin ngerasain kinder joy belom bernah makan sampe gw berkumis gini ğŸ˜‚ğŸ˜‚ pingin banget wkwkwk
yunisasiahaaan,belum pernah makan kepiting kerang gt di atas meja ny langsung ğŸ˜‚ğŸ˜‚ğŸ˜‚ğŸ˜‚
arshaka_raki,"belum pernah beliin kedua anaku playground mini , biar mereka happy main dirumah gausah ke mall ğŸ˜Š"
elyeditha,"belum punya kerjaan, pengen coba rasanya kerja lagi gimana, stress bgt dirumah cuma bisa bantuin orangtua beberes rumahğŸ¥²"
efansihombiing,belum pernah nyobain rezeki dari @ikoy2an 2 jt sabi kali ya traktir kawan makan
shefira.aprilia,"adik ak lagi butuh hp buat bljr kk, sebenerny ak juga butuh tapi adik ak lebih membutuhkan.  hp ini udah mau rusak semoga aj dpt rezeki dari sini. aku juga blom prnh nyobain mcd smpai skrng jgn kan mcd minuman boba aj belum. dari ribuan komen semoga komen ak kebaca"
dyahvitvitia,"belum pernah holiday satu keluarga ke dufan. pengen gitu ajak suami, anak, ibu dan adik liburan bareng"
yuni_thakya,belum pernah ajak mamak bapak liburan dan makan di restoran :')
ini.iiraa,"bismillah, akun kredivo saya disalahgunakan dibeliin tv sama baju total 7 juta pas saya tlp cs e comerce nya transaksi ga bisa d batalin dan tetep menjadi tanggung jawab saya, minta d share ke semua org supaya pelaku ketangkap, dan buat bukalapak masa sih ga bisa batalin transaksi penjahat padahal saya komplain sejam sesudah kejadian harusnya bisa d batalkan."
rhesti_12,"selama setahun kerja belum pernah yg namanya transferan gaji ke mmk, krna gaji ku pun hanya ckup buat makan dan kontrakanğŸ˜¢ @ecamaresha @ikoy2an ğŸ¤²ğŸ¤²ğŸ¤²"
mandaaaaaree,min bangun minn komen aku dah tenggelam :)
mandaaaaaree,min bangun minn komen aku dah tenggelam :)
cindymesyaa,"pengen beli perlengkapan buat kerjaa pertama kali kak,krna fresh graduateğŸ™Œ"
greentea211_,mau ganti oli motor sm shock mtr kak kemaren cek k bngkel katany srh gnti
meryanthi,mau banget kk uda lama banget gx berbagi dgn panti asuhan.
tuna.grahita,"pengen liburan tapi ada peraturan baru kalau harus pcr dulu baru boleh liburan , jdi batal dehh :("
eliana_21,pengen nyobain bittersweet nya ka ala ğŸ˜‚ğŸ˜‚
vety_alafghani17,belum pernah baca loh bang dan kak @ecamaresha yg mau bagi2 in ke bapak2 yg suka angkut2 sampah.. tiap hari senin mereka dateng bawa sampah yg meggunung tiap angkut sekaliab d pilah sampah plastik nya biar ga nyatu.. kepengen banget bagiin mereka beras sama telor sama susu nya juga biar kuat bergelut sama sampah tia hari giliran ambilin sampah
andinimyh,"pengen ganti ban motor si, dari pertama beli bannya blom di ganti ğŸ˜‚ğŸ˜‚"
your.teasure21,bittersweet by najla plissss dari awal opening ga pernah nyobain ğŸ˜­ğŸ˜­ @bittersweet_by_najla
aerdia,"belum pernah nyoba diving, kepengen gitu diving di raja ampat"
megaoct98,tanggal 26 ulang tahun aku pengen banget jalan jalan sama anak :)
mrifkyarr,"bissmillah, mclaren senna bang sama amg gt black series ğŸ™"
achusnah,"punya bejibun ide bisnis tapi gak ada modal. pengen ngembangin bisnis jasa jahit, bisnis jual skincare, bisnis jual trift, bisnis desain grafis, bisnis jual aksesoris, masih mangkrak idenya nunggu ngumpulin modal. yang bilang, ""bisnis gak perlu bnyak modal"". itu gak realistis sih menurutku. demi apa, cari kerja aja tuh ada modal nya, beli amplop emang gak pake uang? nah itu kan juga modal ğŸ˜… apalagi bisnis jahit, mesin nya gak modal? jualan baju, atau apapun, produknya kan juga perlu dimodalin. bener gak kak @ecamaresha @ariefmuhammad ğŸ˜…"
khusna_06,depan orang tuaku di desa sering banget banjir karna gag ads pembuangan air/ selokan sama sekali aku pengen atau punya gagasan seandainya punya dana aku mau buat selokan di tengah jalan dan di tutup lagi buat jalan ait supaya air gag menggenang dan bisa mengalir ke sungai kak @ariefmuhammad @ikoy2an
octpjm1395,mau beli cardigan kopel ama bias bang di shopee
siska_lorena11,skincare msglow kk @ikoy2an  @ecamaresha
cchaelim_im,"belum pernah jajan di e-commerce selain tanggal kembar, selalu di tgl kembar biar dpt diskon, gratis ongkir sama cashback @@ikoy2an @ecamaresha @ariefmuhammad"
roefoesjunior,"belum pernah dapet ikoy""an  transferin 2jt ajha @ecamaresha @ariefmuhammad semoga sehat selalu happy selalu amin,,,"
wulaaandar,pengen bittersweet by najla aja min buat sekeluargaâ¤ï¸
megaayd,pengen menang sekali aja please dari awal di lahirkan ikoy2 ngk pernah dapat ğŸ˜¢
jumita9,pengen banget beliin set oven sama mixer buat emak karena dia seneng banget bikin kue2 gt cuma kasian kloo pkek yg manual pasti capek
rizqiaulia.a,@knzputtrii haha ya allah mbk makasih loh ğŸ™ˆğŸ™
aqshv,nyoba punya uang 6 digit di atm :)
putrinabila4,"mau nyobain motor baru,motor satu2nya habis tabrakan  sudah patah dan masih dalam penyembuhan cerita nyata ada di highlight story ğŸ˜¢. dan ya gitu pengen kredit mahal tidak ada uang, kasian mamak kerja harus ojek terus mulai skrg. semua gara2 akuğŸ˜¢ semoga bisa membantu â¤ï¸"
_nurpalah,belum pernah ngasih kepastian tanggal nikah min karena biaya yg sulit terkumpul padahal udh tunangan :( sad ğŸ”¥
wepolaroid.id,hopeless bgttt akun olshop gabakal dapet kayanyağŸ˜¢
hayuannisa529,"kebanyakan orang jaman sekarang belanja di swalayan min, apalagi anakÂ² muda. sejak beberapa tahun lalu, punya niat ingin mendirikan swalayan . naah, coba dulu deh jualanÂ² onlen di story wa gt. sampe akhirnya ketemulah, jadi jualan bajuÂ² juga gt. jadi reseller. dan tambah lagi keinginan yg pengen diwujudin yaitu bikin brand sendiri. moga kesampean. aamiin wlwpun jurusan kulian berbanding terbalik pake banget .. tapi ttp yakin dan majuu .. ğŸ”¥ğŸ”¥ biar bisa kaya @erigostore"
rfbn21_,"masih bisa ga ni?ğŸ˜¢ kelewat gegara uts, pingin beli gitar :)"
yayan_1612y_,baru buka ig krn anak sakit ketinggalan aku min mau nyoba beli vitamin untuk anaku aja min lagi butuh bngt vegebland yang sayur dan vegefruit semoga beruntung @ikoy2an @ariefmuhammad @ecamaresha
_marchelinaaa,sampe sekarang belum pernah makan dear butter min ğŸ˜«ğŸ˜“
deasyrisna,"belum pernah ajak orang tua naik haji / umrah ğŸ˜¢ , allahumma sholiala sayyidina muhammad.. semoga kelak bisa memberangkat kan mereka aamiin.. papi & emak @suwarti973 , miss you ğŸ˜˜"
andiraditya_,belum pernah ngerasain menang give away hikshiks :(
rizqiaulia.a,"lagi ada rencana buka usaha mie ayam di malang nih min, karena pengen nyoba eksplor dan ngembangin warung mie ayam punya bapak yg di rumah. 
jadi bapak punya warung mie sejak tahun 2000, alhamdulillah pelanggannya itu rame banget. pernah waktu sma jualan di sekolah, sampe skrang guru"" masih banyak yg nanyain. nah karena posisinya di desa, ramenya warung ya segitu aja, bukan gak bersyukur. tapi saya pengen lebih berkembang di luar. kenapa pilih malang? karena prospeknya bagus, dan saya sudah di malang 4 tahun lebih, kurang lebih tau daerah ini. juga sudah diskusi sama temen"" disini yg mau bantu saya memulai usaha ini. skrang lagi cari tempat usaha, karena sewanya cukup lumayan, muter otak lagi gimana caranya modal sedikit diawal tapi bisa ttp jalan. nanti kedepannya selain mie ayam juga ada menu lain. saya mau kemas ala"" millenial gitu rencananya.  bismillah, semoga dari ikoy-ikoy dapat buat modal ini ğŸ˜ğŸ™ğŸ»
kalaupun bisa kirim proposal saya kirim, tapi dimana kirimnya hehe. semoga dapet pencerahan juga nih. pengen nyenengin bapak ibuk, dan gk pengen liat mereka mengeluh masalah ekonomi lagi, semoga dari niat buka usaha ini bisa meningkatkan ekonomi keluarga, dan bisa membantu orang-orang yg membutuhkan pekerjaan juga. pengalaman juga, karena cari kerja kesana-kemari belum nyantol, akhirnya kepikiran buka usaha aja. siapa tau bisa besar kaya bakso aci-nya bang armuh @basoaciakang @ariefmuhammad @ikoy2an ğŸ™ğŸ»"
erlinmulyani11,pengen beliin hp buat anak daring ğŸ¤­ğŸ¤£
sovi_lisnawati,bismillah... pengen kasih surprise buat mama ğŸ˜ğŸ˜
indrysiregar.fs,"bismillah.. rejeki ga kemana
pengen banget ngajak ayah, ibu, sm nenek aku ke dufan. mungkin ini sepele si, tapi aku pengen banget ngajak mereka ke dufan. naik kora kora, naik histeria, ke taman boneka.. nenek aku pengen banget ke taman boneka, nenek aku bilang dia terakhir ke dufan 2004, waktu tante aku sd, itu pun dufan masih belum sebagus sekarang. stay safe everyone.. jangan lupa 3m <3"
hidayatt97___,"bissmillah modal trading, pengen trading lagi min. sudah stop 5tahunanğŸ˜@ecamaresha"
rismawati_ismail,masih setia nungguin.. semoga komennya kebaca.. pengen banget punya hp hrga 2 jutaan min @ikoy2an .. :)
salsabillaaaa900,blom pernah punya smart tv
lakiarsenio,belum pernah nyobain makan steak di the valley bandung yg hrg nya 1 jt sekian.. pngn bgt nyoba krn pngn tau aja rasanya gmn.. apa kepuasan bathin kah.. ato menyesalkah.. mgkn pas nyobain bru bs tau apa yg d rasakan nanti.. @ikoy2an @ariefmuhammad
angeliaanastasyaa,pengen hp baru :) hp udh rusak lcd nyaa ka....:)
dara__kim,"belum pernah punya cangkir, selama ini kalo ada tamu pake gelas top coffeğŸ˜¢"
trianayuliantika28,"pingin banget belikan kk sendiri hp soalnya ram hp nya sudah penuh jadi gk bisa masukan  file master kuliah, bismillah mudahan Â² dapat rezeki ank sekolah ğŸ™"
vinofebryan14_,belum pernah tidurr dikasur yang super empuk biasanya tidur dikasur kapukkk mana udeh bau apekğŸ˜‚ alhamdullillah
whydi24_,"maap min spam. ini komen saya yang kedua. tadi komenan cuma becanda, sekarang saya komen lagi karena lagi butuh min 100rb aja buat beli sepatu hygiene, buat kerja dipabrik makanan soalnya harus make sepatu hygiene. bismillah semoga kebacağŸ™ @ecamaresha @ikoy2an"
fadhifafa,"pengen belajar sebagai perempuan mandiri dan menghasilkan uang sendiri dengan kemampuan ku sendiri, karena minggu depan aku â€œharusâ€ mengajukan resign kerja.... dan merelakan salah satu achieved dream aku... ğŸ¥²"
_meccahidjab.id,"bagi2in mukena layak pakai ke musala2 perkampungan dekat rmh ku kak .. sekalian kasih alat tulis utk anak2 yg putus sekolah, d kotaku ada sekolah gratis anak pemulung .. @ikoy2an @ecamaresha"
lalaleogirl,"bittersweet, starbuck, sosis hazel"
lattedua,"belum punya laptop, pengen punya laptop buat daring biar gasusah nungguin hp yg eror terus."
nhiar_hasniar_thamrin,sya lagi membangun rumah taman baca alquran... rmh sya btn...tp murid alhamdulillah sdh smpe.70 org...krn ketebtasan ruangan jd di bagi 2 gelombang 1 gelombng sore ...1 gelombang lg malam.... semoga ada rejeki...bisa bgun teras rumah di jadikan tempat baccan al qur'an yg lbih luas..amin ..amin ya rabbal alamin
saepulltura,beli smart tv 43inch ğŸ˜‚
lambokraffael,"semoga bisa upgrade lampu depan sama ban motor biar g gelap""an pas malem dan g jatuh gara"" licin lagi aminnğŸ™ğŸ™Œ"
ulercebok,bang mau kuliah offline ke malang tapi belum punya ongkos kesana ğŸ˜ª
cahyafeb,belum pernah beliin anak sepeda :')
viviabriani,belum pernah punya smartphone yg bener2 smart ğŸ˜¢
dyahhdell_,"pingin banget rayain ultah anak yg ke 5th tgl 25 ini, pasti happy banget ğŸ¥°ğŸ¥° @ikoy2an semoga rejeki."
ismy_jayanti77,"min pengen beli sesuatu duit nya kurang 1,2 jt min. zfm"
bagusreynaldi,pengen nyoba iphone 13promax1tb haha
queensha432,"cuma bisa aminin doa mereka yg emng beneran butuh, krna klo kita mnta sndri blum tntu dpet, jdi cukup aminin doa mereka aja insha allah rezekinya ngalir juga ke kita ntah drimna pun dtangnyağŸ¤²ğŸ»"
avivabirlianty,pengen nyobain skin care n body care nya scarlett ğŸ˜
angkr1ngan_barokah,pengen juga ganti tv biar agak gedean . pngen rasain tv led gt ğŸ˜¢
laparmania.id,belum pernah beli skin care @mareshabeaute  by @ecamaresha
pocayarfiansyah,@jefridwicaksono kalo ada waktu jumat sore coba main sini. anak2 kecil kampung gw pada latihan pake bola yg udah kelupas kulitnya ğŸ¤£
kiciicii,pengen tau rasanya kasih mbah duit :(
onyieeeeeee,belum pernah di ucapin selamat ulang tahun sama papa :)
33hngbg,belum pernah punya album atau merchendise kpop ğŸ˜‚ kpopers salah satu barang wish list nya ya itu ğŸ˜
feradyla,blm pernah nyoba diving di karjaw
wibawavera,"belum pernah bikin orang tua happy, belum pernah ngajak org tua jalan2 atau makan2 enak di restoran, belum pernah bawa anakku ke tempat bermain kidszona belum pernah jg bahagiain diri sendiri apapun itu mesti disyukuri yg penting sehat selalu ğŸ™‚"
indahsariputri998,"udah seminggu kerja naik bus, soalny aki nya udah soak, ban nya udah gundul, maana tau rezeki nya dr ikoy2ğŸ™Œ"
imey_iqri,"bismillah...aku emak"" strong 1 anak yg bekerja...gantiin suami yg 2 tahun lalu drmhkan...butuh 1jt mau modalin suami usaha nerusin jualan alm.bapak biar ada penghasilan dan ngebantu buat hari""y...smoga rejeki suamiku... smoga diijabah oleh allah prantara dr kang @ecamaresha dan @ariefmuhammad smoga barokahh...."
novitadwilestariiii,semoga rezeki dah kebaca buat beli laptop buat daring anak blm pernah
saputroo99,berusaha terus ampe dapet di ikoy2 karna disini yang paling real valid no debat .. emot api ğŸ”¥
feliciagiven26,bitter sweet najla samsek belum pernah nyobainnnnğŸ˜‚
jmaldini295,"ka saya baru saja kena tipu motor yg biasa saya pakai kerja hilang,saya si bukan ngemis,tapi siapa tau kk mau bantu saya,saya hanya bisa mendoakan kk dan keluarga sehat selalu dan di tambahkan rizki nya,aamiinğŸ¤²"
siti_khairani06,"belum pernah punya rumah sendri bg ,rencna besok mw survei perum.agaknya mau lah ditambahi buat dp bg 1 juta alhamdulullah x bg.semoga rezeki..yukkss happy bareng2ğŸ˜‚ğŸ˜‚ğŸ˜‚"
ayupratiwisiti,pengen bagiin nasi bungkus buat pengajian  sklian mau minta doa agar orng tua cepet sembuh
annisaulrhma,pengen punya iphone 13 dah gitu aja :)
muhamad.septiadi,gag pernah dapet min
rakyatkopi0621,"pengen beliin anak komputerpc min biar dia bisa streming game dan belajar ngeyoutube soalnya punya bakat.,semoga aja bisa jadi kayak kk @ariefmuhammad @ikoy2an @ecamaresha"
purna_anggara10,pengen bikin happy orang tua dan bikin orang tua bahagia dah gtu aja @ecamaresha @ikoy2an @ariefmuhammad
mrs.vavaa_,"banyak bgt nikmat allah yg tanpa kita sadari tak terhitung nilainya dgn uang.. seperti oksigen gratis, sehat, dan perasaan bahagia.. itu adalah nikmat yg tak ternilai harganya.. alhamdulillah udah punya apa yg d pengenin min, anak dan suami serta keluarga yg sehat dan alhamdulillahğŸ˜ŠğŸ™ selalu bersyukur itu kuncinya.. semakin bersyukur semakin allah tmbah nikmat kita.ğŸ˜ŠğŸ™"
fidifidiw,blom punya rumah :(
inezdwi23,"yuk bisa yuk,dilihat admin biar dapat ikoy-ikoyan walau pasti ketutupan yg lain. yang penting usaha sama doa duluâ¤ï¸"
_putri0415,"mau ngerasain punya smart tv bang biar ibu saya enak nonton ikatan cinta nyağŸ¤­, tv aku msh jadul kali aja gitu hoki dpt rezeki uhuyğŸ¤— @ecamaresha @ariefmuhammad @ikoy2an"
_putri0415,"mau ngerasain punya smart tv bang biar ibu saya enak nonton ikatan cinta nyağŸ¤­, tv aku msh jadul kali aja gitu hoki dpt rezeki uhuyğŸ¤— @ecamaresha @ariefmuhammad @ikoy2an"
emilia.nilaapriliana,"beli vitamin buat anak aku, doain semoga lekas sembuh buat anak aku yg lagi demam tinggi. ğŸ˜¢"
postvibs__onl,mau beli yoga mad aja kak
mahiyaamma,"mereka yg komen pengen jajan di indomart aja dapat, nah aku yg komen sesuai kebutuhan saja masih blm dapatğŸ˜¢ belum rezeki kali yaaağŸ˜‚"
rismawati_ismail,semoga aja komennya kebaca dan d storyiin :)
ifylm23,belom pernah dinner sama pacar :')) karna belom pernah punya pacar hahaha
renyapriani,pgn gantiin hp anak yg rusak  matot... daring nya jd rebutan hp sm ak....
rachel.psp,pengen beliin buku-buku novel inspiratif sama ajak makan enak anak anak jalanan min
shlh.ns,bismillah mau ksh mmk ku lemari tv dr kmren mau belum kesampean ğŸ™
arsha120918,sering di ingetin sama pasangan klo punya rezeky harus inget berbagi brpapun itu alhamdullilah sedikit juga bisa berbagi rezeki dan plus dapet doa dari org yg kita kasih. bahagia rasanya
ptriets,kepingin beli mixer untuk mmk  buat kue. merek yang bagus
sekkai_15,mau punya sepeda fix :')
nurulkhrnnsaa,bittersweet by najla
astiekaseptiara,"ngeborong makanan kucing, buat kucing ku sama kucing liar yang suka mampir ke rumah ğŸ˜º"
kristie_sulistyowati,belum pernah ngajak anak nontn di bioskop pas bgt nie da film nusa rara yg lagi tayang di bioskop semoga bisa ngajak anak nontn film favorite nya
rhi_zu,"blom pernah ngerasain ultah di surprise ğŸ˜† biasanya selalu jadi eo surprise ultah temen,kluarga/pacar. tp sendirinya ga ngerasain ğŸ¥²ğŸ¥² @ikoy2an"
wayahsaputra_,"pengen ganti hape, gaenak hape kentang kebanyakan lag sama memori penuh, mau beli baru tp uang nya kurang."
cacannnnnn_,mlm ini mlm jumat mau berbagi di masjid nasi kotak boleh ga min?ğŸ˜‡ @ikoy2an @ecamaresha
rfaldo__,"kupergi ke kiri, ku pergi ke kanan, ku ingin mencari sekedar peace of mind"
ss.dwira,pengen punya tabungan pendidikan anak :)
dini_handinii,"bismillahirrahmanirrahim.... pengen banget ajak anak ke playground min @ikoy2an , itu aja... liat anak happy mood mamak auto happy juga â¤ï¸"
aaiki_jaya_farm,"bismillah.. semoga rejeki saya buat beli makan anak ayam n buat kandang untuk anak anak ayam saya.  saya mau doakan mba @ecamaresha dan juga om @ariefmuhammad â€œallahumma innaa nas-aluka salaamatan fid diini wa â€˜afiyatan fil jasadi wa ziyaadatan fil â€˜ilmi wa barokatan fir rizqi wa taubatan qablal mauti wa rohmatan â€˜indal mauti wa maghfirotan baâ€™dal mauti, allahummaa hawwin â€˜alainaa fil sakaraatil mauti wannajaata minan naari wal â€˜afwa â€˜indal hisaabi, rabbanaa laa tuzigh quluubana baâ€™da idz hadaitanaa wahab lanaa mil ladunka rahma, innaka antal wahhaab, rabbanaa aatinaa fiddunnyaa hasanah, wa fil akhirati hasanah waqinaa â€˜adzaa ban naar.â€
artinya:
â€œya allah kami memohon kepadamu keselamatan dalam agama, dan kesejahteraan/kesegaran pada tubuh dan penambahan ilmu, dan keberkahan rizqi, serta taubat sebelum mati dan rahmar di waktu mati, dan keampunan sesudah mati. ya, allah, mudahkanlah kami saat pencabutan nyawa selamat dari api neraka dan mendapat kemaafan ketika amal diperhitungkan. ya allah, janganlah engkau goyahkan hati kami setelah engkau beri petunjuk dan berilah kami rahmat dari sisi-mu. sesungguhnya engkau maha pemberi. ya tuhan kami, berilah kami kebaikan hidup di dunia dan kebaikan hidup di akhirat, dan jagalah kami dari siksa api neraka.â€"
ktls999_,belum pernah punya hp baru haha .. kali aja miminn ini mau ngasih saya rejeki buat nambahin beli hp baruu hhuhhuuyyyğŸ”¥ğŸ”¥ğŸ”¥
alkhairestore1453.id,"belum pernah khaire-khairean ğŸ˜‚ğŸ¤£jadi pengen aahhh nyobain khaire-khairean sama polower, berbagi kurma gratis gitu yee kaan ke polower... tapi @ikoy2an ğŸ˜ğŸ˜‚"
putri.khairunnisa28,bismillahirrahmanirrahim walopun tetal d coba z sapa rau aja comment ku d lirik admin ikoy2an. belum pernah ngerasain beliin kindor joy anak lebih dr 5pcs ğŸ˜
vikaadilia_h,sepeda anak roda 3 pengen aja ajak anak jalan sore naik sepeda kayak seru gitu
shafarefika_,bismillah belum pernah punya hp iphone :(
hariheriawan,"belum selesai kan yaa duh telat 24 jam, pengen happy aja hari ini kebetulan lagi off day kerja ğŸ”¥ğŸ”¥"
ali_fikri_81,belum pernah dpt transferan dr ikoy2an... pengen aja dpt bisa buat biaya operasi tumor liver dan payudara istri ğŸ˜
anayusria,"min, pengen banget bersih2 rumah pake vacum cleaner, ga pake sapu biasa ğŸ˜„"
anayusria,"min, pengen banget bersih2 rumah pake vacum cleaner, ga pake sapu biasa ğŸ˜„"
ayujayantri,yok tetep happy walaupun blm pernah dpt ğŸ˜‚
annissadita,smpe skrng blm prng ngasih tau ke crush klo aku suka dia ğŸ™‚
reminderdian,meski udah puluhan kali ikutan ga pernah kebaca semoga one day bisa kebaca.. pengen service motor suami yang rusak ke bengkel .. kasian dia harus pake motor dalam keadaan kurang baik tapi demi cari uang buat keluarga dia paksain setiap hari pake motor itu .. semoga ada rizkinya suami bisa service motornya yang udah gaenak banget dipake di jalan :)
amarhulahop,pengen beli ban truk
bakoel.kripcajambi,belum pernah nyobain punya motor sendiri :)
nrzidniilman,pengen punya saldo shopee pay buat beli snack nyemil2 di kosan
adianpratamaa,pingin ngegantiin 1 set rantai motor om:') :)
qorryselvia3009,"bismillah semoga belum terlambat.bhagiain anak dan ponakan"" aja buat ajak jalan"" dan happy"" ğŸ˜"
mhmmadziqy60,butuh kadoan untuk istri dihari milad nya nnti tggl 30 semoga dapet uang tambahan buat beli kado&sekaligus buat ganti hp bakal ngojek karna hp ini suda penuh dengan lakbanğŸ˜ thanks kak @ecamaresha @ikoy2an ğŸ¤—
indah_yubye,bismillah...smoga rejekiq kli ini....klo dpt rejeki....pgen bwt nyalon bang...pgen me time...krn ud stress bgt mkirin dunia tipu2...boro2 mkirin idup org lain...mkirin idup sndri aza syusaahh....
andhie_odank,pngen ngrasain punya smart tv kak biar bisa nnton film luar dan olahraga dunia @ariefmuhammad @ikoy2an @ecamaresha
alfimrzky,"belum rasain jp kakek merah di bet maxğŸ˜¢, @aditpsandy kalo kamu?"
rahmah.arbaii,mukbang brng tmn2 kost :)
_.avalokiteshvara._,"belum pernah kirim uang saku dan uang kos ke adik buat kuliah :( agak khawatir sama dia nanti gimana di kosan kalau telat, mana sering sakit"
nurma_mamaqila,"pengen beli mixer, oven plus loyangnya, buat belajar baking, tolong kabulin ya kak please"
chacamunthe_,ka hari ini anak saya ulang tahun yg ke 2 tahun... pgn rayain dn beli kado buat ulang tahun nya tapi uang kami belum ada. berharap kakak bsa bantu :'(
rizkaaarahayuuu,"kenapa kalo ada ikoy2an suka pengen ikutan aja. padahal udah hopeless. ğŸ˜… tapi... rezeki kan bisa datang dr pintu mana saja ya, dari arah yang tidak disangka2, ini sudah tertulis di al-qur'an surat at-thalaq ayat 3.
bismillah~ belum pernah ajakin mama bapa dan keluarga piknik ditraktir full sm aku dan suami aja. semoga kesampean. aamiin ğŸ˜Š"
ul.faa10,bittersweet sih... d cianjur ga ada ğŸ˜¢
didymarzuki,belom pernah traktirin mama di hotel bintang mevvah. mumpung ini lg di jalan mau jemput si mama. kali aja rejeki dapet voucher nginap di hotel buat mama...hehe..aamiin...ğŸ˜‚trus pen nyobain diving kyknya ngeri2 seru...
husyainmustofa,pengen naik bus vip solo - jakarta
titah_handayani,"sepedaan bareng suami krn ga ada sepedanyağŸ˜­ğŸ˜­..biar doi olahraga pagi, jgn olahraga mlm muluğŸ˜‚ğŸ˜‚"
rayraychul,"hmm belum pernah nyobain treatment gitu gitu si kak...kmrn emang ga ada aja budgetnya, tp pengen sekali2 nyoba treatment wajah biar glowing gt hehe"
zikri.famz,"belum pernah punya smart tv, tv di rumah masih cembung"
vanessa._.hii,"lagi butuh banget uang 2jt untuk biaya pendaftaran sklh, tahun depan pendaftaranny udh buka, tkut slotny keburu penuh. tabungan ada, tapi klo dipke untk buat paspor aja dh kurangg. gk tega jg minta sama ayah meski itu kewajiban beliau sebagai ortu :("
veranitanita,"belum pernah happy dapat hadiah ga ikoy""an apalagi undian jalan santai dikampung min ğŸ˜‚ğŸ™Œ kalau ikut arisan aja dapatny belakangan loh aku min ğŸ˜¢ sedih bangetkah beruntung ku yak"
lipus.lia,"bismillah semoga masih bisa ikutan kak @ecamaresha , mau traktir adek jajan sama jalan"" biar semangat daringnya biar gak bosen dirumah terus bang @ariefmuhammad ... doa in dek @nianitem biar dapet @ikoy2an"
mrdods_,"bismillah.. semoga masih rezeki.. beneran butuh banget hp buat support kerjaan supaya ga joinan lagi sm istri, soalnya terpaksa dijual pas ppkm kemaren.. cc: @ecamaresha @ariefmuhammad ğŸ™"
nurma_mamaqila,"pengen beli mixer, oven plus loyangnya, tolong kabulin ya kak please, buat belajar baking.."
parissidney,blm pernah py iphone :)
puputtaokta,diantara beribu komen mau ikutan nyelip smga aja ada rejeki cm pngn ganti ban motor aja sih bismillah...
elhnynrrsydslm,pengen gitu ganti hp iphone 12 :)
nurma_mamaqila,"pengen beli mixer, oven plus loyangnya, kabulin ya kak please buat belajar baking"
adhelagustina,"bismillahirrohmanirrohim beliin hp ibuk, soalnya hpku sama kakak2ku bagus semua yg beliin ibuk, tapi ibuk paling jelek sendiri :( @ecamaresha @ikoy2an pdhl lebih penting buat ibuk kerja ğŸ˜¢"
cachnish,"hallo bang, semoga comment aku kali ini dilihat ya. aku kepingin bantuin temanku yang orang tuanya kritis karena radiasi tumor gitu. dia pernah dm aku, untuk dana bantuan tapi saya sendiri cuman maba yang kuota saja di biayai kemendikbud, jadi pas dia minta tolong ke aku rasanya nyelos bgt hati ga bisa berbuat apa apa. jadi jika comment aku kali ini kebaca aku bakal bantu dia bang. terima kasih wassalamuâ€™alaikum ."
nurma_mamaqila,"pengen beli mixer, oven plus loyangnya, kabulin ya kak please"
sharkidoes,"ka ikoy, buat beli hadiah untuk ibu.. pingin banget beli barang yang ibu aku pingin ğŸ˜­ biar suprise dan happy"
meteianggree,belum pernah nyobain maresha beauty  @ecamaresha
sitihajrul2233,"sebenernya pengen banget bagi2 kayak perlengkapan shalat, kitab2, al-quran dan lainnya ke pondok salafi soalnya d daerah aku banyak banget salafi2 yang emang bener2 butuh bantuan, kalu sekiranya kebaca mudah2an ada wasilah ya biar sama2 senang saling membantu untuk kemaslahatan ummat , aamiin ya allah yarabbal aalamiin , insyaallah akan melibatkan pejabat desa setempat untuk bukti pasti akan kita upload sebagai bukti real @ikoy2an  no tipu2 ,, aamiin kaka @ecamaresha bantu doa yah kalian @mell_ia04 @sitimutiroh2020 @apri.yanah.188 @khotimah3092"
arisae.jasajahit,"ikoy2an hari kedua... pingin punya mesin jahit highspeed servo , biar jahit malam tidak berisik dan bisa kerja dengan cepet.  semoga dinotice mimin.. 2,5 jt cukup min untuk beli mesin jahit highspeed second + servonya. sudah di idam idamkan sejak 3 taun lalu, belum cukup tabungannya."
putriamilosa,"yuk @ecamaresha ğŸ˜sebagai seorang perempuan selayaknya kita tetap bisa mandiri secara finansial karena tidak mungkin selamanya akan meminta saja pada suami. ikoyan ini aku maksudkan untuk mengajukan proposal bisnis mua terjangkau semarang agar selain bisa mandiri secara finansial, bisa membantu  para calon pengantin yang teehalan budget besar namun ingin mendapatkan pelayanan istimewa di hari spesialnya. terimakasih.  proudly present by me in this morningğŸ˜‰ğŸ˜"
novia_sant,"mungkin ibu rumah tangga juga pengen happy misal , ke indomart tanpa liat harga diskon min @ikoy2an @ecamaresha"
nurma_mamaqila,"pengen beli mixer, oven plus loyangnya kak, kabulin ya kak please"
yuniinuni,"kapan dapet min,,pengen punya smart hafiz"
tsaqib91,belum pernah beliin anak hp buat daring bang
maulidavv_,bismillah dapet hari ini :)
_khoerunisa15,"belum pernah punya laptop flip atau latop yang ram nyaa gede, kek nyaa membantu bnget buat daring ğŸ”¥"
renimimo24,happy kalo punya kursi dirumah.. alas karpet lesehan terus
aisyah.humaira22,bismillah buat periksa kehamilan pertama ke dokter obstetri sama beli vitamin hamil ğŸ™ğŸ™
refifirman83,"bismillah mudah mudahan dibacağŸ™ dari dulu pengen banget jualan gas elpiji bang tapi belum ada modalnya ğŸ˜­
rumahku deket rest area, banyak yg jualan makanan kan. nah mereka mereka itu suka beli gas elpiji banyak, makanya pengen banget jualan gas elpiji juga supaya uangnya bisa keputer untuk biaya hidup sehari hari.
btw dulu tiap ikut ikoy ikoyan, selalu ini yg dipengen tapi qadarullah belum rejeki. semoga hari ini rejeki aku ya bang aamiin"
moongear12,"paket kuota anti lemot dan ga abis2, hp buat hotspot terus sm anakğŸ˜¢"
pujasafitry,mau liburan karna lagi ulang tahun :)
fitriadamayanti27,"pengen ganti ban mobil, dari awal belum diganti .. udah tipis banget, banyak tambelan lagi ğŸ˜ semoga rezeki .."
sejumputppl,belom pernah punya bmw sih bang :(
thealamsyahs,nyobain pizza limosin bareng teman kantor dan istri dirumah. semoga ada rezekinya buat bisa berbagi kebahagiaan. belum pernah bisa share dan ajak makan teman kantor selama hidup.
fayzal_as,@ajimomor love dong anjaaayy
fauzidiningrat,"mau ikut  @ikoy2an siapa tau dapet , lumayan buat top up mlğŸ˜‚"
diahbely16,"masih bisa ga yah, pengen bat nyobain dear butterğŸ˜‚"
kampleng_permana,buat beliin kado istri hari nh ulth biar bsa nyenengiin dia amiinnn
syakilalyalesya,belum pernah staycation bareng anak2 min :)
mahardhikaq,pengen ngerasain helm safety buat cod tiap hariğŸ˜¢
eheheaja,pingin beli laptop baru ajağŸ˜­ kmrn interview laptop gak support jd gak memenuhi persyaratanğŸ’”
riskaanggraini1616,yokk happy happy pengen nyobain ramen terbang kata tetangga enak tapi aku belom pernah coba ğŸ”¥
namnum_dessert,"pengen punya warung/booth dipinggir jalan khusus untuk berbagi makan gratis buat orang"" yg gak mampu beli makanan untuk keluarga mereka, di masa pandemi begini banya sekali pasti yg kelaparan karena susahnya mencari pekerjaan min @ikoy2an @ecamaresha btw aku dah ngikutin ka eca dari 3tahun yang lalu ğŸ˜ŠğŸ™"
lindafjrh_,pengen punya laptop baru belum kesampean :) buat skripsiann biar makin semangat ğŸ˜¬
calferamka,bismillaah pengen beli rice cooker. biar happy familyku makan nasi dr rice cooker ğŸ˜
_tikawlndri,semoga beruntung mau aku modalin buat makan gratis untuk siapapun setiap hari jumat min mana tau mimin mau bantuin hehe
bukan.ais,bittersweet by najla mwehehe bismillah cuan cuan cuanğŸ˜ğŸ˜ @bittersweet_by_najla @alabisyir
aguz_budi,"bismillah ... buat happy bareng bareng ya min, mau ajak istri pijet, ga sekedar jalan jalan dan liat liat aja, liat istri seneng saya ikut seneng ğŸ˜"
arisae.jasajahit,"pingin punya mesin jahit highspeed servo , biar jahit malam tidak berisik dan bisa kerja dengan cepet.  semoga dinotice mimin.. 2,5 jt cukup min untuk beli mesin jahit highspeed second + servonya. sudah di idam idamkan sejak 3 taun lalu, belum cukup tabungannya."
moh.ragilpangestu____,"@ajoidwan di like dulu ngapa, biar klo dpt makin berkah rezeki pagi nya"
raildya___,belom pernah ngrasain yg namanya makan wagyu wagyu an kak :(
nabillahnurf,pengen punya microwave biar bisa panasin pop corn jolly time dirumah ğŸ¤£ğŸ¤£ğŸ¤£ğŸ¤£ğŸ¤£
binnnnnnsihombing,"belum pernah bawak orang tua holiday dan makan enak,tapi kali ini mau bayar uang skolah adek dulu ,semoga rezeki ğŸ™‚"
auliashofanrazzh,pengen punya koper min kayaknya kuliah mau offline deh:(
niafx,"min, masih bisa ikutan ga ya? telat banget nih kayaknya :("
novianto_wawan,belom ganti hp baru min hehe hp sekarang udah lemot banget memori udah penuh buat instal aplikasi kebutuhan kuliah daring sama aplikasi ojol hehe
cerielviani,"@ecamaresha belum pernah traktir temen2 sesama honorer dikantin tempat kerja kami ,kalo dapet nanti kabarin temen2 ptt((honorer) senin tak traktir makan tekwan yağŸ˜ @selvimoyyy @reggita_yuliant @frenkiputrajaya @ikoy2an"
iman.wildan,mau berbagi ( mkn bareng temen2 kantor ) seru kynya mkn2 gratis d bayarin ka @ecamaresha  dan @ikoy2an â¤ï¸â¤ï¸ğŸ”¥ğŸ”¥ğŸ”¥ğŸ”¥
safineesyh,min aku juga berhak kan di bikin happy hari ini? pengen bgt ganti hp baruğŸ™ sering di katain hp buluk
adalahsurat,nyobain hidup sehat min @ikoy2an @ecamaresha & @ariefmuhammad beli sepeda or alat2 fitness gituu
gitafebriantyrahayu,"pengen liburan sekeluarga ke pantai min,, need vitamin sea,, ğŸ˜‚"
ilhmhmsa,20 jt  borong seblakk wkwk
sabillunar,pengen punya novel harry potter lengkap!
fitriya0511,"pengen service+ganti ban motor, kebetulan kalo di pake kerja motornya suka mati tiba2 , sama kalo ngidupin nya lama bangett kudu diselah ğŸ˜¢ @ikoy2an @ecamaresha"
irvan_afandi.m,"ingin berbagi rejeki , berbagi makanan gratis untuk warga kota tarakan yg terdampak covid 19, mulai dari nasi kotakan sampai borong gerobakan untuk dimakan gratis masyarakatâ˜º"
assalwa_n.z,pengennn dong join bisnisnya kak @ecamaresha ğŸ˜
desyduwirahayu,belum pernah co shopee tanpa kudu mikirin ongkirnyaa selalu checkout pas event biar gratis ongkir
zulfahnadias,yuuk buat bagiin nasi kotak se rt bang :)
aariful19,pengen 2 jt buat nambahin tabungan beli lptp buat kuliağŸ™Œ
uwie_fitria,mau nginep di villa anak abis ultah biar happy ğŸ¤—ğŸ¤—
lahmarlila,"min jadi tadi barusan aku ketemu ibu teman ku mereka orang miskin min ibu nya jualan lontong pecal keliling butuh banget dana untuk beli darah anak nya (temanku) yang terkena kanker payudara, kami sudah menggalang dana dari teman2 waktu sma tapi yang terkumpul tidak cukup untuk beli darah min,  pengobatan mmg gratis karena ada bpjs tapi biaya hidup di rumah sakit untuk suami yang jaga kebeletulan teman ku di rujuk ke rumah sakit di medan dan kami tinggal di tanjungbalai asahan dan ada sebagian obat yang tidak di tanggung bpjs termasuk darah. saya bukan bermaksud mencuri garis start duluan tapi semoga kali ini rezeki teman ku min. foto nya sudah ku kirim via dm min."
suchiramadhani13,bismillah semoga rejekiku buat acara ibu aku 7hari doa bersamağŸ˜‡ amin ya allahğŸ™ğŸ˜‡
iqbalsaepulloh463,pengen bli ban motor karna udh pada gundul
sitinurrahmah.01,belum pernah nyoba belanja bulanan di super market biasanya beli satuâ€ ya cuma di warung pengen juga beli vitamin sama buah buat sekeluarga maklum tinggal sama mertua smga rejeki kali ini ya @ecamaresha @ikoy2an
yuniwulan22,tembus 500 ribu komentar dan saya ikhlas min kalo memang rezeki gg kemana gg ketuker ya kak @ecamaresha bang @ariefmuhammad
indahje1702,"belum pernah buka store, pengen buka usaha baju2 gitu biar bisa ready, soalnya biasanya cuma open po jadi jarang ada yang mau, aku dapat olshop yang ngejual baju2 premium gitu, tapi modalnya gede bgt kemungkinan ya kurleb 10jtan sekalian ongkirğŸ˜‚ *tetap ikut koment walaupun gamungkin dapat keberuntungan sebesar ini ğŸ™‚*"
bedoll1,saran bg mau bagi bagi bubur gratis pas sholat jumat
indah_melatii,masih berharap dapat kuota gratis sihh
anggunmulianasr,pengen ajak family jalan jalan full happy ga pake drama patungan ğŸ˜†
second.thriftgood,"butuh laptop buat skripsi bentar lagi offline , semester 8 blm punya lapto"
sdrrrsn,"kirim saldo shope pay kak. mau bliin kado pacar, dah hampir 2 tahun pacaran belum bisa ngasih dia hadiah, kecewa sama diri sendiri. semoga beruntung. @ikoy2an @ariefmuhammad @ecamaresha"
nuraisyahiin,pengen punya laptop buat mendukung kerjaan n daring anak sama pengen traktir jln2 sekaligus mkn2 kel&sobat2
trisna3652,yukk belum pernah beli mukena super jumbo pengen beli mukenanya @amandamanopomukena ğŸ¥°ğŸ¥°ğŸ¥°
itnafoy,"mau nikah malah udh ga kerja, pengen jamu keluarga calon suami pas lamaran <3"
wulan_aileen_official,pengen bagi2 beras buat 1 rt ku.. mereka dapet 2kg aja pasti udah seneng bgt.. krna rata2 hidup mereka susah.. nnti bakal d dokumentasikan dan di share kgiataan ini
alfina.afa,bismillah semoga belum terlambat krn kmrin habis kontrol tumor kurang 20x kontrolnya semoga rejeki buat kontrol minggu depanğŸ˜‡ @ecamaresha @ikoy2an
joviihau_,belum pernah nyobain smart tvğŸ¥º
frina_nc,belum pernah nyoba qplgi punya mobil2an yg pke aki...wlwpun dah tua tp kyknya asiik gt maen gtuan sblm pnya mobil bneran ğŸ˜‚
dinarosiitaa,"gak mau apa apa kebahagiaanku sekarang semua buat putri tercinta yang baru lahir â™¥kalau rezeki pengen beliin keperluan dd karna masih bnyak yang kurang, @ikoy2an  @ecamaresha  udah ngikutin dari th 2018 tau banget ka eca kaya gmbna, semoga semua kebaikan kk d bls sama allah"
ratna_dewi22,"tadi pagi, saya mendengarkan cerita dari seseorang teman saya yang bekerja sebagai pembantu, dia bercerita sampai menangis.. karena dia di kejar-kejar oleh debt kolektor nunggak cicilan motor 3 bulan.. dalam hati kasihan pengen banget bantu.. tapi saya punya anak yang butuh susu dan pampers.. jika kak @ariefmuhammad dan kak @ecamaresha berkenan, saya minta tolong membantu teman saya agar bebannya terangkat sedikit.. terimakasih"
ridzki_ichent,"dari jaman nya @ikoy2an bareng armuh sampe sekarang ga pernah di senggol , pengen beli ban motor 22nya udh pada tipis ğŸ¤¦"
dyahhdell_,pingin rayain ultah anak yg ke 5th tgl 25 ini min pasti happy bangetğŸ¥° semoga rejeki anak @ikoy2an
mannequeenbe,aku cuma butuh beli memory external hp soalnya dikasih tugas bikin video terus. hp jadi super penuhğŸ˜¢
niakartinn,belum pernah bales jasa orangtua nih @ikoy2an kalo boleh pengen lah bales jasa mereka dengan cara bikinin rumah ka @ecamaresha tp ini masih dlm mimpi dan belum kecapai sampe skrg :)
kusnadilidya,mau dong beliin kasur buat anak.kayanya happy deh anakku dpt kasur baruğŸ˜ŠğŸ¤­
